,municipalityname,infectionrate
0,Wien,0.1411327280587981
1,Graz,0.1419513913349771
2,Linz,0.1332022981554279
3,Salzburg,0.13886210221793635
4,Innsbruck,0.1429295489102889
5,Klagenfurt,0.13148261134838315
6,Wels,0.12487945998071359
7,Villach,0.13336566440349176
8,Sankt Pölten,0.38474295190713104
9,Dornbirn,0.13654618473895583
10,Wiener Neustadt,0.16158752657689582
11,Steyr,0.13587347232207045
12,Feldkirch,0.14405986903648269
13,Bregenz,0.12629399585921325
14,Wolfsberg,0.13347921225382933
15,Leoben,0.13586291309669524
16,Baden,0.1746031746031746
17,Klosterneuburg,0.15088105726872247
18,Traun,0.1307596513075965
19,Krems an der Donau,0.38345864661654133
20,Leonding,0.11970979443772672
21,Amstetten,0.13962264150943396
22,Kapfenberg,0.15582655826558264
23,Mödling,0.16120576671035386
24,Lustenau,0.14978601997146934
25,Hallein,0.14574314574314573
26,Braunau am Inn,0.1343804537521815
27,Spittal an der Drau,0.15306122448979592
28,Kufstein,0.13908450704225353
29,Schwechat,0.1252236135957066
30,Traiskirchen,0.17667844522968199
31,Saalfelden am Steinernen Meer,0.14489795918367346
32,Ansfelden,0.12
33,Ternitz,0.17782026768642448
34,Stockerau,0.2788104089219331
35,Hohenems,0.1037567084078712
36,Feldkirchen in Kärnten,0.14366729678638943
37,Perchtoldsdorf,0.13147410358565736
38,Bad Ischl,0.14821763602251406
39,Tulln an der Donau,0.6044362292051756
40,Telfs,0.16056910569105692
41,Bludenz,0.14285714285714285
42,Bruck an der Mur,0.17124735729386892
43,Gmunden,0.1440677966101695
44,Sankt Veit an der Glan,0.1436893203883495
45,Schwaz,0.1308411214953271
46,Knittelfeld,0.13863636363636364
47,Hall in Tirol,0.16230366492146597
48,Eisenstadt,0.16099773242630386
49,Lienz,0.16707021791767554
50,Hard,0.13783783783783785
51,Neunkirchen,0.16397228637413394
52,Waidhofen an der Ybbs,0.1545253863134658
53,Vöcklabruck,0.14123006833712984
54,Korneuburg,0.11970074812967581
55,Wörgl,0.13231552162849872
56,Marchtrenk,0.15144230769230768
57,Rankweil,0.12121212121212122
58,Zwettl-Niederösterreich,0.2894736842105263
59,Ried im Innkreis,0.11528822055137844
60,Völkermarkt,0.16055045871559634
61,Wals-Siezenheim,0.1534526854219949
62,Bad Vöslau,0.14628297362110312
63,Hollabrunn,0.49504950495049505
64,Mistelbach,0.18435754189944134
65,Enns,0.14578005115089515
66,Sankt Andrä,0.13756613756613756
67,Sankt Johann im Pongau,0.16326530612244897
68,Köflach,0.14986376021798364
69,Götzis,0.10876132930513595
70,Brunn am Gebirge,0.17737789203084833
71,Bischofshofen,0.10089020771513353
72,Zell am See,0.14814814814814814
73,Voitsberg,0.12874251497005987
74,Judenburg,0.16718266253869968
75,Altmünster,0.11428571428571428
76,Seekirchen am Wallersee,0.12857142857142856
77,Laakirchen,0.15838509316770186
78,Mürzzuschlag,0.16326530612244897
79,Ebreichsdorf,0.13745704467353953
80,Sankt Valentin,0.12727272727272726
81,Imst,0.12684365781710916
82,Gerasdorf bei Wien,0.1437125748502994
83,Lauterach,0.1402439024390244
84,Attnang-Puchheim,0.1254125412541254
85,Sierning,0.14790996784565916
86,Weiz,0.10897435897435898
87,Wiener Neudorf,0.18996415770609318
88,Gänserndorf,0.14984709480122324
89,Berndorf,0.17478510028653296
90,Guntramsdorf,0.16181229773462782
91,Velden am Wörther See,0.15548780487804878
92,Kitzbühel,0.1326530612244898
93,Groß-Enzersdorf,0.14982578397212543
94,Rum,0.12779552715654952
95,Maria Enzersdorf,0.15602836879432624
96,Sankt Johann in Tirol,0.13114754098360656
97,Fohnsdorf,0.14335664335664336
98,Ebensee,0.12751677852348994
99,Finkenstein am Faaker See,0.13356164383561644
100,Trofaiach,0.17785234899328858
101,Deutschlandsberg,0.13962264150943396
102,Purkersdorf,0.27491408934707906
103,Wolfurt,0.1291390728476821
104,Herzogenburg,0.39869281045751637
105,Engerwitzdorf,0.137546468401487
106,Zeltweg,0.1189710610932476
107,Landeck,0.18796992481203006
108,Bad Goisern,0.16728624535315986
109,Bruck an der Leitha,0.19678714859437751
110,Strasshof an der Nordbahn,0.1881918819188192
111,Ebenthal in Kärnten,0.144
112,Langenzersdorf,0.13934426229508196
113,Höchst,0.136
114,Wattens,0.14925373134328357
115,Ferlach,0.1640625
116,Freistadt,0.1169811320754717
117,Perg,0.12790697674418605
118,Leibnitz,0.1044776119402985
119,Neulengbach,0.512
120,Vorchdorf,0.14056224899598393
121,Hermagor-Pressegger See,0.19213973799126638
122,Langenlois,0.4049586776859504
123,Deutsch-Wagram,0.1626984126984127
124,Bad Hofgastein,0.1493212669683258
125,Liezen,0.13580246913580246
126,Kottingbrunn,0.1895734597156398
127,Jenbach,0.1222707423580786
128,Straßwalchen,0.1487603305785124
129,Grödig,0.14741035856573706
130,Sankt Andrä-Wördern,0.14492753623188406
131,Gratkorn,0.16342412451361868
132,Arnoldstein,0.18253968253968253
133,Sieghartskirchen,0.5611814345991561
134,Zirl,0.17842323651452283
135,Oberwart,0.17721518987341772
136,Völs,0.1556420233463035
137,Radenthein,0.12903225806451613
138,Seiersberg,0.1717557251908397
139,Wilhelmsburg,0.38839285714285715
140,Hartberg,0.20833333333333334
141,Garsten,0.16289592760180996
142,Mattersburg,0.1796875
143,Absam,0.13122171945701358
144,Kuchl,0.12663755458515283
145,Pasching,0.11855670103092783
146,Kremsmünster,0.13636363636363635
147,Eugendorf,0.11372549019607843
148,Horn,0.44129554655870445
149,Frohnleiten,0.12844036697247707
150,Wolkersdorf im Weinviertel,0.13513513513513514
151,Hörbranz,0.13991769547325103
152,Frastanz,0.12442396313364056
153,Gallneukirchen,0.12719298245614036
154,Asten,0.14977973568281938
155,Seeboden,0.11162790697674418
156,Eberndorf,0.11403508771929824
157,Altach,0.09777777777777778
158,Paternion,0.09813084112149532
159,Gloggnitz,0.15151515151515152
160,Laa an der Thaya,0.3476190476190476
161,Pottendorf,0.13875598086124402
162,Nenzing,0.17616580310880828
163,Timelkam,0.1179245283018868
164,Pressbaum,0.5104166666666666
165,Fürstenfeld,0.17972350230414746
166,Eisenerz,0.16748768472906403
167,Himberg,0.1523809523809524
168,Micheldorf in Oberösterreich,0.18932038834951456
169,Bad Gastein,0.14084507042253522
170,Tamsweg,0.16299559471365638
171,Traismauer,0.45365853658536587
172,Abtenau,0.171875
173,Ybbs an der Donau,0.19909502262443438
174,Waidhofen an der Thaya,0.4380952380952381
175,Neusiedl am See,0.2097560975609756
176,Gmünd,0.2904761904761905
177,Reutte,0.1377551020408163
178,Regau,0.11594202898550725
179,Schrems,0.2815533980582524
180,Kindberg,0.1813186813186813
181,Hainburg an der Donau,0.19047619047619047
182,Neumarkt am Wallersee,0.1388888888888889
183,Oberndorf bei Salzburg,0.12698412698412698
184,Sankt Florian,0.10497237569060773
185,Poysdorf,0.18811881188118812
186,Neuhofen an der Krems,0.10526315789473684
187,Mittersill,0.13333333333333333
188,Zistersdorf,0.17989417989417988
189,Vösendorf,0.14210526315789473
190,Breitenfurt bei Wien,0.25229357798165136
191,Wilhering,0.18435754189944134
192,Gleisdorf,0.18652849740932642
193,Hörsching,0.1024390243902439
194,Rottenmann,0.13125
195,Hopfgarten im Brixental,0.14285714285714285
196,Gunskirchen,0.1839080459770115
197,Friesach,0.1388888888888889
198,Lochau,0.15217391304347827
199,Axams,0.1564245810055866
200,Haag,0.14130434782608695
201,Judendorf-Straßengel,0.17616580310880828
202,Mattighofen,0.12790697674418605
203,Thalheim bei Wels,0.15028901734104047
204,Schwertberg,0.11442786069651742
205,Pinkafeld,0.20100502512562815
206,Purgstall an der Erlauf,0.20297029702970298
207,Melk,0.28994082840236685
208,Thalgau,0.12087912087912088
209,Alkoven,0.12
210,Kirchberg in Tirol,0.11594202898550725
211,Feldkirchen bei Graz,0.18579234972677597
212,Kirchbichl,0.17073170731707318
213,Wagna,0.1452513966480447
214,Feldkirchen an der Donau,0.1638418079096045
215,Kalsdorf bei Graz,0.14358974358974358
216,Krieglach,0.17391304347826086
217,Bärnbach,0.17532467532467533
218,Lenzing,0.11585365853658537
219,Elsbethen,0.12777777777777777
220,Stadl-Paura,0.14689265536723164
221,Schärding,0.12727272727272726
222,Wernberg,0.10416666666666667
223,Mittelberg,0.11956521739130435
224,Ebbs,0.12222222222222222
225,Frankenburg am Hausruck,0.16
226,Spielberg bei Knittelfeld,0.15894039735099338
227,Seewalchen am Attersee,0.16243654822335024
228,Matrei in Osttirol,0.11392405063291139
229,Mauthausen,0.18562874251497005
230,Bad Aussee,0.15976331360946747
231,Sankt Peter in der Au,0.16463414634146342
232,Andorf,0.16560509554140126
233,Pettenbach,0.1694915254237288
234,Altheim,0.18674698795180722
235,Bergheim,0.1267605633802817
236,Radstadt,0.13186813186813187
237,Henndorf am Wallersee,0.17391304347826086
238,Grieskirchen,0.08670520231213873
239,Pregarten,0.1286549707602339
240,Böheimkirchen,0.39864864864864863
241,Steyregg,0.11258278145695365
242,Groß-Gerungs,0.21341463414634146
243,Vöcklamarkt,0.15942028985507245
244,Bad Sankt Leonhard im Lavanttal,0.13218390804597702
245,Feldbach,0.18
246,Bad Hall,0.13071895424836602
247,Althofen,0.09392265193370165
248,Scharnstein,0.20348837209302326
249,Ohlsdorf,0.13612565445026178
250,Ober-Grafendorf,0.34523809523809523
251,Gramastetten,0.12883435582822086
252,Nüziders,0.14375
253,Bürmoos,0.13815789473684212
254,Sollenau,0.17365269461077845
255,Puchenau,0.12041884816753927
256,Leobendorf,0.21893491124260356
257,Kramsach,0.13286713286713286
258,Moosburg,0.13690476190476192
259,Neustift im Stubaital,0.16556291390728478
260,Schladming,0.09375
261,Sankt Jakob im Rosental,0.12804878048780488
262,Vomp,0.1286549707602339
263,Fischamend,0.1506849315068493
264,Bruck an der Großglocknerstraße,0.13846153846153847
265,Scheibbs,0.20833333333333334
266,Ottensheim,0.11956521739130435
267,Heidenreichstein,0.3221476510067114
268,Treffen am Ossiacher See,0.16666666666666666
269,Lengau,0.13380281690140844
270,Leobersdorf,0.1357142857142857
271,Hart bei Graz,0.16363636363636364
272,Sankt Kanzian am Klopeiner See,0.09655172413793103
273,Sankt Marien,0.08571428571428572
274,Gablitz,0.43333333333333335
275,Volders,0.14173228346456693
276,Fieberbrunn,0.1518987341772152
277,Obertrum am See,0.14
278,Lieboch,0.12686567164179105
279,Felixdorf,0.16312056737588654
280,Längenfeld,0.1323529411764706
281,Jennersdorf,0.12582781456953643
282,Neudörfl,0.19745222929936307
283,Eggendorf,0.09523809523809523
284,Altenberg bei Linz,0.14788732394366197
285,Schwanenstadt,0.1610738255033557
286,Kössen,0.125
287,Hartkirchen,0.14838709677419354
288,Puch bei Hallein,0.13414634146341464
289,Retz,0.503448275862069
290,Wildschönau,0.1506849315068493
291,Langenwang,0.15126050420168066
292,Sankt Georgen im Attergau,0.13636363636363635
293,Kirchdorf an der Krems,0.11194029850746269
294,Anif,0.14925373134328357
295,Sonntagberg,0.10126582278481013
296,Bisamberg,0.16447368421052633
297,Enzesfeld-Lindabrunn,0.19008264462809918
298,Hinterbrühl,0.1032258064516129
299,Vasoldsberg,0.11627906976744186
300,Wöllersdorf-Steinabrückl,0.12408759124087591
301,Fulpmes,0.14492753623188406
302,Bad Leonfelden,0.17333333333333334
303,Leopoldsdorf,0.1258741258741259
304,Bleiburg,0.19078947368421054
305,Golling an der Salzach,0.16176470588235295
306,Haiming,0.1610738255033557
307,Deutschfeistritz,0.16546762589928057
308,Oberalm,0.08527131782945736
309,Koblach,0.19745222929936307
310,Sankt Veit an der Gölsen,0.3162393162393162
311,Mils,0.13392857142857142
312,Grünburg,0.15254237288135594
313,Kundl,0.10429447852760736
314,Eichgraben,0.578125
315,Bramberg am Wildkogel,0.14754098360655737
316,Wartberg ob der Aist,0.1125
317,Mayrhofen,0.09322033898305085
318,Maria Saal,0.17037037037037037
319,Ried in der Riedmark,0.15384615384615385
320,Sinabelkirchen,0.1310344827586207
321,Walding,0.1267605633802817
322,Sankt Stefan im Rosental,0.10810810810810811
323,Güssing,0.15625
324,Sankt Margarethen an der Raab,0.17054263565891473
325,Hainfeld,0.47244094488188976
326,Ottnang am Hausruck,0.14556962025316456
327,Gföhl,0.44761904761904764
328,Schruns,0.17699115044247787
329,Hallwang,0.13114754098360656
330,Großarl,0.13846153846153847
331,Götzens,0.125
332,Trieben,0.13043478260869565
333,Mannersdorf am Leithagebirge,0.1518987341772152
334,Molln,0.1875
335,Sankt Gilgen,0.14893617021276595
336,Luftenberg an der Donau,0.16911764705882354
337,Ybbsitz,0.12408759124087591
338,Traisen,0.41935483870967744
339,Piesendorf,0.125
340,Buchkirchen,0.16666666666666666
341,Pöchlarn,0.36363636363636365
342,Zwentendorf an der Donau,0.4918032786885246
343,Alberndorf in der Riedmark,0.13793103448275862
344,Griffen,0.17543859649122806
345,Gaweinstal,0.20967741935483872
346,Pucking,0.1079136690647482
347,Waizenkirchen,0.1532258064516129
348,Sankt Michael im Lungau,0.145985401459854
349,Altenmarkt im Pongau,0.1015625
350,Schalchen,0.11290322580645161
351,Thaur,0.12408759124087591
352,Aschbach-Markt,0.20253164556962025
353,Sankt Georgen am Längsee,0.14184397163120568
354,Sankt Georgen an der Gusen,0.14492753623188406
355,Gratwein,0.12903225806451613
356,Fußach,0.16312056737588654
357,Loosdorf,0.30327868852459017
358,Sankt Paul im Lavanttal,0.11
359,Gars am Kamp,0.3984375
360,Harmannsdorf,0.11194029850746269
361,Parndorf,0.16666666666666666
362,Steindorf am Ossiacher See,0.20967741935483872
363,Lanzenkirchen,0.1557377049180328
364,Gaming,0.19298245614035087
365,Gols,0.14814814814814814
366,Kirchdorf in Tirol,0.18045112781954886
367,Großpetersdorf,0.21212121212121213
368,Eggenburg,0.4
369,Söll,0.08196721311475409
370,Fügen,0.12878787878787878
371,Gaspoltshofen,0.13740458015267176
372,Kötschach-Mauthen,0.17123287671232876
373,Sankt Martin im Mühlkreis,0.18333333333333332
374,Pinsdorf,0.1935483870967742
375,Hitzendorf,0.11188811188811189
376,Strobl,0.20491803278688525
377,Wieselburg,0.19047619047619047
378,Langkampfen,0.14960629921259844
379,Oberwaltersdorf,0.16806722689075632
380,Schwarzach im Pongau,0.1721311475409836
381,Frankenmarkt,0.1111111111111111
382,Frauenstein,0.19166666666666668
383,Eferding,0.14814814814814814
384,Ampflwang im Hausruckwald,0.14285714285714285
385,Mauerbach,0.5045871559633027
386,Ebergassing,0.17293233082706766
387,Sölden,0.1328125
388,Haidershofen,0.1724137931034483
389,Westendorf,0.13138686131386862
390,Schwarzach,0.13008130081300814
391,Adnet,0.09923664122137404
392,Hof bei Salzburg,0.21875
393,Naarn im Machlande,0.14173228346456693
394,Sankt Veit im Pongau,0.08661417322834646
395,Egg,0.13385826771653545
396,Millstatt,0.21311475409836064
397,Lavamünd,0.1937984496124031
398,Bad Schallerbach,0.15966386554621848
399,Zams,0.08661417322834646
400,Kumberg,0.13392857142857142
401,Kirchberg am Wagram,0.5727272727272728
402,Lambach,0.13333333333333333
403,Pyhra,0.3418803418803419
404,Eberschwang,0.19298245614035087
405,Sankt Lorenzen im Mürztal,0.17094017094017094
406,Sierndorf,0.48175182481751827
407,Unterpremstätten,0.09090909090909091
408,Helpfau-Uttendorf,0.175
409,Steinach am Brenner,0.125
410,Ziersdorf,0.4909090909090909
411,Angern an der March,0.16822429906542055
412,Ternberg,0.16346153846153846
413,Tiefgraben,0.09923664122137404
414,Ardagger,0.1452991452991453
415,Mondsee,0.13274336283185842
416,Mautern an der Donau,0.4017094017094017
417,Gumpoldskirchen,0.19230769230769232
418,Inzing,0.15702479338842976
419,Liebenfels,0.10185185185185185
420,Semriach,0.15702479338842976
421,Sankt Michael in Obersteiermark,0.2222222222222222
422,Lamprechtshausen,0.13445378151260504
423,Hausleiten,0.45555555555555555
424,Breitenbach am Inn,0.15454545454545454
425,Mäder,0.16363636363636364
426,Anthering,0.07920792079207921
427,Ligist,0.16393442622950818
428,Gössendorf,0.15454545454545454
429,Lannach,0.11224489795918367
430,Nußdorf-Debant,0.13592233009708737
431,Königswiesen,0.175
432,Bad Mitterndorf,0.10909090909090909
433,Fehring,0.140625
434,Rechnitz,0.18556701030927836
435,Behamberg,0.08247422680412371
436,Zwischenwasser,0.14285714285714285
437,Kirchberg an der Pielach,0.4032258064516129
438,Schörfling am Attersee,0.11009174311926606
439,Werfen,0.12037037037037036
440,Deutschkreutz,0.13559322033898305
441,Seitenstetten,0.13333333333333333
442,Kronstorf,0.1171875
443,Tillmitsch,0.09565217391304348
444,Grein,0.15178571428571427
445,Kaltenleutgeben,0.20491803278688525
446,Pinggau,0.24561403508771928
447,Sankt Ulrich bei Steyr,0.10679611650485436
448,Rauris,0.13392857142857142
449,Leogang,0.1206896551724138
450,Koppl,0.13333333333333333
451,Weißenstein,0.15126050420168066
452,Oberneukirchen,0.13043478260869565
453,Stallhofen,0.12903225806451613
454,Gamlitz,0.1650485436893204
455,Krumpendorf am Wörther See,0.09836065573770492
456,Tragwein,0.10416666666666667
457,Wagrain,0.10891089108910891
458,Lilienfeld,0.3
459,Maishofen,0.11458333333333333
460,Brückl,0.14705882352941177
461,Wieselburg-Land,0.27586206896551724
462,Schlüßlberg,0.14285714285714285
463,Neumarkt im Mühlkreis,0.125
464,Mieming,0.11711711711711711
465,Neufeld an der Leitha,0.17073170731707318
466,Ulrichsberg,0.08849557522123894
467,Sankt Florian am Inn,0.16666666666666666
468,Sankt Pantaleon,0.11538461538461539
469,Ostermiething,0.15789473684210525
470,Seefeld in Tirol,0.13
471,Hochburg-Ach,0.11904761904761904
472,Alberschwende,0.1926605504587156
473,Magdalensberg,0.1506849315068493
474,Ernstbrunn,0.22018348623853212
475,Sankt Leonhard am Forst,0.3548387096774194
476,Groß-Siegharts,0.34285714285714286
477,Oberndorf an der Melk,0.25925925925925924
478,Waldhausen im Strudengau,0.23
479,Klaus,0.08602150537634409
480,Ludesch,0.1686746987951807
481,Katzelsdorf,0.14814814814814814
482,Mattsee,0.06060606060606061
483,Göfis,0.15384615384615385
484,Kaprun,0.20634920634920634
485,Wartberg an der Krems,0.12871287128712872
486,Frauental an der Laßnitz,0.14414414414414414
487,Mühldorf bei Feldbach,0.1619047619047619
488,Bürs,0.16216216216216217
489,Pottenstein,0.21568627450980393
490,Mank,0.3764705882352941
491,Frantschach-Sankt Gertraud,0.16842105263157894
492,Raabs an der Thaya,0.3425925925925926
493,Fließ,0.1111111111111111
494,Saalbach-Hinterglemm,0.16379310344827586
495,Fernitz,0.1875
496,Groß Sankt Florian,0.18518518518518517
497,Arzl im Pitztal,0.18487394957983194
498,Göllersdorf,0.4482758620689655
499,Pirka,0.14678899082568808
500,Lichtenwörth,0.14912280701754385
501,Grafenegg,0.2804878048780488
502,Poggersdorf,0.1651376146788991
503,Markt Hartmannsdorf,0.18487394957983194
504,Pfaffstätten,0.1320754716981132
505,Rainbach im Mühlkreis,0.13333333333333333
506,Taufkirchen an der Pram,0.13138686131386862
507,Biedermannsdorf,0.1919191919191919
508,Umhausen,0.14705882352941177
509,Eisbach,0.19318181818181818
510,Wallern an der Trattnach,0.16981132075471697
511,Kirchschlag in der Buckligen Welt,0.18446601941747573
512,Weißkirchen an der Traun,0.15294117647058825
513,Aurolzmünster,0.1111111111111111
514,Wolfern,0.17647058823529413
515,Oberaich,0.15873015873015872
516,Oberpullendorf,0.1744186046511628
517,Sankt Anton am Arlberg,0.18518518518518517
518,Kirchbach,0.13725490196078433
519,Uttendorf,0.1509433962264151
520,Veitsch,0.2111111111111111
521,Marchegg,0.18018018018018017
522,Großweikersdorf,0.49
523,Lasberg,0.13636363636363635
524,Münster,0.13043478260869565
525,Reichenau an der Rax,0.2018348623853211
526,Köttmannsdorf,0.14150943396226415
527,Brixlegg,0.17307692307692307
528,Taxenbach,0.14953271028037382
529,Weitra,0.28346456692913385
530,Faistenau,0.19047619047619047
531,Esternberg,0.1
532,Enzersdorf an der Fischa,0.13186813186813187
533,Frauenkirchen,0.12244897959183673
534,Pichl bei Wels,0.18867924528301888
535,Bruckneudorf,0.1702127659574468
536,Prambachkirchen,0.16666666666666666
537,Oberperfuss,0.09574468085106383
538,Hohenau an der March,0.26582278481012656
539,Sankt Wolfgang im Salzkammergut,0.05154639175257732
540,Wiesen,0.11926605504587157
541,Pöttsching,0.21495327102803738
542,Katsdorf,0.1595744680851064
543,Sankt Margarethen im Burgenland,0.15
544,Markt Piesting,0.17142857142857143
545,Forchtenstein,0.21100917431192662
546,Bad Zell,0.18487394957983194
547,Krenglbach,0.14953271028037382
548,Thiersee,0.15463917525773196
549,Sankt Georgen bei Salzburg,0.15294117647058825
550,Schlierbach,0.16455696202531644
551,Ramsau am Dachstein,0.1111111111111111
552,Puchberg am Schneeberg,0.2
553,Bad Fischau-Brunn,0.19791666666666666
554,Lurnfeld,0.1452991452991453
555,Großraming,0.12048192771084337
556,Furth bei Göttweig,0.37735849056603776
557,Elixhausen,0.09803921568627451
558,Altlengbach,0.7052631578947368
559,Grafenstein,0.13541666666666666
560,Gmünd in Kärnten,0.1511627906976744
561,Sankt Oswald bei Freistadt,0.11904761904761904
562,Vandans,0.1875
563,Eben am Achensee,0.14444444444444443
564,Siegendorf,0.19387755102040816
565,Trautmannsdorf an der Leitha,0.2
566,Ebenfurth,0.18584070796460178
567,Gutau,0.1875
568,Langenstein,0.1411764705882353
569,Rohrbach bei Mattersburg,0.1506849315068493
570,Admont,0.12941176470588237
571,Ehrwald,0.18556701030927836
572,Hausmannstätten,0.14606741573033707
573,Pöls,0.17117117117117117
574,Ellmau,0.08602150537634409
575,Grafenwörth,0.46601941747572817
576,Berg bei Rohrbach,0.11702127659574468
577,Laxenburg,0.15
578,Irdning,0.13829787234042554
579,Reith im Alpbachtal,0.13043478260869565
580,Feistritz im Rosental,0.1875
581,Pörtschach am Wörther See,0.14736842105263157
582,Maria-Anzbach,0.46153846153846156
583,Kappl,0.07476635514018691
584,Gröbming,0.10989010989010989
585,Niklasdorf,0.11926605504587157
586,Erlach,0.1782178217821782
587,Gallspach,0.14583333333333334
588,Hornstein,0.17073170731707318
589,Trumau,0.14634146341463414
590,Bad Bleiberg,0.15
591,Munderfing,0.13725490196078433
592,Flachau,0.16304347826086957
593,Purbach am Neusiedler See,0.17204301075268819
594,Theresienfeld,0.2169811320754717
595,Zellerndorf,0.4375
596,Tulbing,0.5632183908045977
597,Ilz,0.07526881720430108
598,Friedberg,0.21052631578947367
599,Brixen im Thale,0.15384615384615385
600,Hofstetten-Grünau,0.37037037037037035
601,Neuhofen an der Ybbs,0.17346938775510204
602,Neukirchen am Großvenediger,0.1348314606741573
603,Vitis,0.3838383838383838
604,Laßnitzhöhe,0.12631578947368421
605,Kematen in Tirol,0.11
606,Riegersburg,0.13541666666666666
607,Münzkirchen,0.11
608,Tarrenz,0.11392405063291139
609,Burgkirchen,0.16666666666666666
610,Haslach an der Mühl,0.11538461538461539
611,Sankt Georgen am Ybbsfelde,0.2696629213483146
612,Eisenkappel-Vellach,0.13131313131313133
613,Pöggstall,0.25806451612903225
614,Dietach,0.21100917431192662
615,Matzen-Raggendorf,0.18309859154929578
616,Buch in Tirol,0.25
617,Kainbach bei Graz,0.13253012048192772
618,Alpbach,0.14606741573033707
619,Gampern,0.10891089108910891
620,Kallham,0.1588785046728972
621,Mettmach,0.13978494623655913
622,Hagenberg im Mühlkreis,0.11494252873563218
623,Atzenbrugg,0.5217391304347826
624,Wölbling,0.4175824175824176
625,Kilb,0.4222222222222222
626,Grafendorf bei Hartberg,0.20930232558139536
627,Pfunds,0.15476190476190477
628,Stattegg,0.16853932584269662
629,Köstendorf,0.13253012048192772
630,Sankt Pantaleon-Erla,0.19736842105263158
631,Illmitz,0.2391304347826087
632,Niederndorf,0.17142857142857143
633,Aigen im Ennstal,0.1111111111111111
634,Pernitz,0.2018348623853211
635,Satteins,0.2
636,Gschwandt,0.11458333333333333
637,Hirtenberg,0.1375
638,Neukirchen an der Vöckla,0.19801980198019803
639,Silz,0.10869565217391304
640,Ried im Traunkreis,0.2261904761904762
641,Michelhausen,0.6
642,Reißeck,0.13043478260869565
643,Haus,0.2159090909090909
644,Obervellach,0.1553398058252427
645,Bad Kreuzen,0.0963855421686747
646,Kematen an der Ybbs,0.10526315789473684
647,Rabenstein an der Pielach,0.27884615384615385
648,Pischelsdorf in der Steiermark,0.14705882352941177
649,Tullnerbach,0.4891304347826087
650,Kaindorf an der Sulm,0.15384615384615385
651,Schattendorf,0.125
652,Ennsdorf,0.13414634146341464
653,Wienerwald,0.1839080459770115
654,Weinitzen,0.17708333333333334
655,Windischgarsten,0.15294117647058825
656,Andau,0.2361111111111111
657,Kirchberg am Wechsel,0.15217391304347827
658,Sankt Peter-Freienstein,0.14
659,Niedernsill,0.16279069767441862
660,Stegersbach,0.19767441860465115
661,Pernegg an der Mur,0.1
662,Lichtenberg,0.18269230769230768
663,Mitterdorf im Mürztal,0.2413793103448276
664,Rohrbach in Oberösterreich,0.22580645161290322
665,Ulrichskirchen-Schleinbach,0.22340425531914893
666,Schiefling am Wörthersee,0.07407407407407407
667,Blindenmarkt,0.13636363636363635
668,Großgmain,0.17073170731707318
669,Wies,0.19540229885057472
670,Euratsfeld,0.16666666666666666
671,Pitten,0.12903225806451613
672,Wullersdorf,0.475
673,Ferndorf,0.14864864864864866
674,Taiskirchen im Innkreis,0.1111111111111111
675,Herzogsdorf,0.1282051282051282
676,Leopoldsdorf im Marchfelde,0.16483516483516483
677,Stainz,0.16853932584269662
678,Weitensfeld im Gurktal,0.09259259259259259
679,Alland,0.30864197530864196
680,Bad Wimsbach-Neydharting,0.20212765957446807
681,Oberhaag,0.15
682,Sankt Peter am Hart,0.19791666666666666
683,Litschau,0.3157894736842105
684,Metnitz,0.10227272727272728
685,Thannhausen,0.12
686,Krottendorf-Gaisfeld,0.14285714285714285
687,Himmelberg,0.07058823529411765
688,Aspach,0.22666666666666666
689,Lassee,0.2236842105263158
690,Natternbach,0.1568627450980392
691,Tschagguns,0.13253012048192772
692,Wildon,0.12941176470588237
693,Sankt Marein im Mürztal,0.20588235294117646
694,Bad Häring,0.1590909090909091
695,Paudorf,0.3150684931506849
696,Steinakirchen am Forst,0.12658227848101267
697,Mörbisch am See,0.22666666666666666
698,Nötsch im Gailtal,0.14285714285714285
699,Keutschach am See,0.10666666666666667
700,Lochen,0.16049382716049382
701,Weyer,0.16666666666666666
702,Großklein,0.09302325581395349
703,Schardenberg,0.07352941176470588
704,Grafenbach-Sankt Valentin,0.1891891891891892
705,Sankt Peter am Ottersbach,0.1686746987951807
706,Dunkelsteinerwald,0.40425531914893614
707,Mehrnbach,0.07246376811594203
708,Raab,0.078125
709,Sarleinsbach,0.06666666666666667
710,Gramatneusiedl,0.18888888888888888
711,Schwoich,0.11956521739130435
712,Bad Gams,0.12371134020618557
713,Bernstein,0.18604651162790697
714,Maria Lankowitz,0.11594202898550725
715,Mariapfarr,0.1794871794871795
716,Münchendorf,0.19718309859154928
717,Nußbach,0.2153846153846154
718,Oberschützen,0.2261904761904762
719,Payerbach,0.2159090909090909
720,Bruck-Waasen,0.14634146341463414
721,Goldegg,0.11688311688311688
722,Wartberg im Mürztal,0.20930232558139536
723,Lohnsburg am Kobernaußerwald,0.12790697674418605
724,Sankt Gallenkirch,0.16666666666666666
725,Annaberg-Lungötz,0.19480519480519481
726,Dölsach,0.19444444444444445
727,Sattledt,0.1038961038961039
728,Obritzberg-Rust,0.3904761904761905
729,Mauerkirchen,0.07692307692307693
730,Maria Buch-Feistritz,0.125
731,Weyer Markt,0.12195121951219512
732,Mönchhof,0.0875
733,Unterweißenbach,0.2153846153846154
734,Hollenegg,0.15853658536585366
735,Bartholomäberg,0.16417910447761194
736,Sankt Marienkirchen an der Polsenz,0.11764705882352941
737,Stubenberg,0.2898550724637681
738,Oetz,0.16455696202531644
739,Andelsbuch,0.13924050632911392
740,Dürnkrut,0.20253164556962025
741,Obdach,0.08641975308641975
742,Pöndorf,0.2159090909090909
743,Straßburg,0.1518987341772152
744,Spital am Pyhrn,0.19047619047619047
745,Weerberg,0.225
746,Schlins,0.09090909090909091
747,Weistrach,0.16304347826086957
748,Ruprechtshofen,0.3684210526315789
749,Steinerkirchen an der Traun,0.07777777777777778
750,Pöllauberg,0.12987012987012986
751,Sitzendorf an der Schmida,0.569620253164557
752,Sankt Aegyd am Neuwalde,0.2967032967032967
753,Eberstalzell,0.15151515151515152
754,Bludesch,0.10465116279069768
755,Frankenfels,0.37209302325581395
756,Thüringen,0.11392405063291139
757,Großebersdorf,0.19540229885057472
758,Persenbeug-Gottsdorf,0.19047619047619047
759,Altenfelden,0.1643835616438356
760,Kematen an der Krems,0.14864864864864866
761,Göstling an der Ybbs,0.1780821917808219
762,Thal,0.18421052631578946
763,Sulz,0.16666666666666666
764,Sankt Stefan ob Stainz,0.1891891891891892
765,Waldneukirchen,0.13333333333333333
766,Krumbach,0.16853932584269662
767,Murau,0.0875
768,Krottendorf,0.17567567567567569
769,Sankt Peter am Kammersberg,0.25
770,Nußdorf am Haunsberg,0.1411764705882353
771,Pfarrwerfen,0.08139534883720931
772,Gniebing-Weißenbach,0.16091954022988506
773,Steinfeld,0.16883116883116883
774,Peuerbach,0.125
775,Kirchberg-Thening,0.0759493670886076
776,Großdietmanns,0.24
777,Rudersdorf,0.15730337078651685
778,Peggau,0.13580246913580246
779,Aschach an der Steyr,0.10112359550561797
780,Eggelsberg,0.06557377049180328
781,Techelsberg am Wörther See,0.14516129032258066
782,Hartberg Umgebung,0.20833333333333334
783,Scharten,0.12658227848101267
784,Neuhofen im Innkreis,0.1388888888888889
785,Aschach an der Donau,0.26744186046511625
786,Sankt Georgen am Walde,0.2597402597402597
787,Puch bei Weiz,0.1348314606741573
788,Ladendorf,0.25
789,Sankt Agatha,0.20253164556962025
790,Maria Rain,0.16176470588235295
791,Schwanberg,0.2318840579710145
792,Sankt Nikolai im Sausal,0.10112359550561797
793,Pöllau,0.12658227848101267
794,Radfeld,0.15789473684210525
795,Bad Gleichenberg,0.1774193548387097
796,Pfarrkirchen bei Bad Hall,0.15
797,Virgen,0.175
798,Ernsthofen,0.15714285714285714
799,Biberbach,0.15625
800,Langenrohr,0.4588235294117647
801,Haag am Hausruck,0.12643678160919541
802,Raaba,0.17391304347826086
803,Wallsee-Sindelburg,0.14666666666666667
804,Malta,0.12307692307692308
805,Waldzell,0.15384615384615385
806,Gedersdorf,0.3055555555555556
807,Sankt Georgen im Lavanttal,0.18666666666666668
808,Krems in Kärnten,0.13580246913580246
809,Sankt Lorenz,0.21666666666666667
810,Maria Alm am Steinernen Meer,0.234375
811,Hellmonsödt,0.09859154929577464
812,Sillian,0.12195121951219512
813,Leutasch,0.0975609756097561
814,Neukirchen an der Enknach,0.16216216216216217
815,Neustadtl an der Donau,0.12987012987012986
816,Feistritz ob Bleiburg,0.2191780821917808
817,Kefermarkt,0.136986301369863
818,Edt bei Lambach,0.19718309859154928
819,Eben im Pongau,0.14285714285714285
820,Judenau-Baumgarten,0.546875
821,Sittersdorf,0.2191780821917808
822,Sankt Martin an der Raab,0.17105263157894737
823,Klein Sankt Paul,0.15584415584415584
824,Werndorf,0.15942028985507245
825,Nassereith,0.13043478260869565
826,Bad Waltersdorf,0.17142857142857143
827,Altenmarkt an der Triesting,0.5522388059701493
828,Vorderweißenbach,0.125
829,Sankt Stefan ob Leoben,0.16
830,Irschen,0.14285714285714285
831,Stadtschlaining,0.14754098360655737
832,Grünau im Almtal,0.18888888888888888
833,Allentsteig,0.2972972972972973
834,Sankt Johann im Saggautal,0.1643835616438356
835,Karlstetten,0.35365853658536583
836,Übelbach,0.14084507042253522
837,Paldau,0.11940298507462686
838,Sankt Johann am Walde,0.09210526315789473
839,Lichtenau im Waldviertel,0.32
840,Aspangberg-Sankt Peter,0.13414634146341464
841,Achenkirch,0.13095238095238096
842,Reichenfels,0.1625
843,Zell an der Pram,0.15384615384615385
844,Strengberg,0.17647058823529413
845,Podersdorf am See,0.1375
846,Taufkirchen an der Trattnach,0.1
847,Söding,0.14864864864864866
848,Fraham,0.24285714285714285
849,Hohenzell,0.08974358974358974
850,Assling,0.13157894736842105
851,Schweiggers,0.23170731707317074
852,Roitham,0.11594202898550725
853,Terfens,0.14084507042253522
854,Kopfing im Innkreis,0.07142857142857142
855,Reichenau,0.2
856,Glanegg,0.08571428571428572
857,Strallegg,0.2564102564102564
858,Wenns,0.12698412698412698
859,Großrußbach,0.22666666666666666
860,Riedau,0.16666666666666666
861,Sankt Radegund bei Graz,0.1694915254237288
862,Rietz,0.14035087719298245
863,Aldrans,0.19230769230769232
864,Mitterdorf an der Raab,0.23728813559322035
865,Maria-Lanzendorf,0.20270270270270271
866,Stainach,0.1506849315068493
867,Stanz im Mürztal,0.18181818181818182
868,Wilfersdorf,0.20270270270270271
869,Wolfsegg am Hausruck,0.20689655172413793
870,Waldegg,0.17142857142857143
871,Kappel am Krappfeld,0.13043478260869565
872,Zeiselmauer-Wolfpassing,0.3880597014925373
873,Mautern in Steiermark,0.1323529411764706
874,Fritzens,0.08450704225352113
875,Staatz,0.15625
876,Breitenau am Hochlantsch,0.2191780821917808
877,Passail,0.16176470588235295
878,Türnitz,0.3728813559322034
879,Rennweg am Katschberg,0.20253164556962025
880,Enzenreith,0.20987654320987653
881,Brunnenthal,0.039473684210526314
882,Steinbach an der Steyr,0.11842105263157894
883,Lockenhaus,0.2112676056338028
884,Weiden am See,0.17543859649122806
885,Steinbrunn,0.22535211267605634
886,Eggersdorf bei Graz,0.14285714285714285
887,Sankt Ruprecht an der Raab,0.1323529411764706
888,Zurndorf,0.12987012987012986
889,Gresten,0.125
890,Mooskirchen,0.20512820512820512
891,Orth an der Donau,0.10714285714285714
892,Oberndorf in Tirol,0.2
893,Lebring-Sankt Margarethen,0.12162162162162163
894,Kukmirn,0.1891891891891892
895,Mutters,0.16176470588235295
896,Heimschuh,0.16071428571428573
897,Kennelbach,0.16666666666666666
898,Lunz am See,0.2857142857142857
899,Unken,0.15584415584415584
900,Allerheiligen im Mürztal,0.1774193548387097
901,Tarsdorf,0.11940298507462686
902,Mortantsch,0.11267605633802817
903,Hadersdorf-Kammern,0.3050847457627119
904,Horitschon,0.2222222222222222
905,Fels am Wagram,0.5714285714285714
906,Marz,0.2222222222222222
907,Sitzenberg-Reidling,0.5423728813559322
908,Lechaschau,0.15151515151515152
909,Bad Sauerbrunn,0.12244897959183673
910,Randegg,0.16393442622950818
911,Sankt Johann in der Haide,0.15
912,Gosau,0.1686746987951807
913,Tux,0.11904761904761904
914,Rüstorf,0.20987654320987653
915,Weikendorf,0.2033898305084746
916,Röthis,0.14457831325301204
917,Kirchschlag bei Linz,0.09230769230769231
918,Hinzenbach,0.09090909090909091
919,Senftenberg,0.38666666666666666
920,Sankt Martin im Sulmtal,0.07462686567164178
921,Aspang-Markt,0.25757575757575757
922,Lofer,0.1566265060240964
923,Navis,0.1076923076923077
924,Bezau,0.0975609756097561
925,Altaussee,0.10714285714285714
926,Eidenberg,0.13333333333333333
927,Wallern im Burgenland,0.21739130434782608
928,Götzendorf an der Leitha,0.21739130434782608
929,Kirchham,0.06779661016949153
930,Kirchstetten,0.43037974683544306
931,Markersdorf-Haindorf,0.390625
932,Meiningen,0.0967741935483871
933,Pupping,0.14925373134328357
934,Gnas,0.13114754098360656
935,Allhartsberg,0.24285714285714285
936,Stans,0.1643835616438356
937,Selzthal,0.1917808219178082
938,Reichraming,0.1076923076923077
939,Niederneukirchen,0.13043478260869565
940,Gießhübl,0.1527777777777778
941,Thörl,0.07352941176470588
942,Spillern,0.20634920634920634
943,Greifenburg,0.1794871794871795
944,Neumarkt in Steiermark,0.16883116883116883
945,Asperhofen,0.5733333333333334
946,Wulkaprodersdorf,0.2191780821917808
947,Halbturn,0.1511627906976744
948,Engelhartstetten,0.1774193548387097
949,Wimpassing im Schwarzatale,0.10843373493975904
950,Kobersdorf,0.17543859649122806
951,Aigen im Mühlkreis,0.13636363636363635
952,Schönkirchen-Reyersdorf,0.14285714285714285
953,Schönau an der Triesting,0.11764705882352941
954,Zillingdorf,0.11940298507462686
955,Wiesing,0.18
956,Kirchberg an der Raab,0.11666666666666667
957,Feldkirchen bei Mattighofen,0.09333333333333334
958,Lech,0.2
959,Natters,0.12903225806451613
960,Königstetten,0.5507246376811594
961,Oftering,0.08571428571428572
962,Sankt Marienkirchen bei Schärding,0.19402985074626866
963,Bad Vigaun,0.07575757575757576
964,Sankt Veit am Vogau,0.25925925925925924
965,Hittisau,0.21739130434782608
966,Maissau,0.42857142857142855
967,Langschlag,0.13846153846153847
968,Sommerein,0.13333333333333333
969,Auersthal,0.25
970,Schwarzau am Steinfeld,0.25
971,Kittsee,0.20481927710843373
972,Ludmannsdorf,0.1388888888888889
973,Schönau im Mühlkreis,0.06578947368421052
974,Baldramsdorf,0.09722222222222222
975,Mannersdorf an der Rabnitz,0.12727272727272726
976,Yspertal,0.29508196721311475
977,Apetlon,0.16666666666666666
978,Gralla,0.1702127659574468
979,Greinbach,0.1791044776119403
980,Ludersdorf-Wilfersdorf,0.15789473684210525
981,Waidring,0.16363636363636364
982,Weiler,0.08333333333333333
983,Grünbach,0.13636363636363635
984,Sistrans,0.11290322580645161
985,Schwadorf,0.06666666666666667
986,Hall,0.14285714285714285
987,Roßleithen,0.14492753623188406
988,Sankt Anna am Aigen,0.16455696202531644
989,Lassing,0.19402985074626866
990,Hollenstein an der Ybbs,0.12903225806451613
991,Scheiblingkirchen-Thernberg,0.14285714285714285
992,Stumm,0.13793103448275862
993,Bad Kleinkirchheim,0.1111111111111111
994,Gaflenz,0.05970149253731343
995,Albersdorf-Prebuch,0.1076923076923077
996,Großhöflein,0.20270270270270271
997,Unterweitersdorf,0.14666666666666667
998,Wolfsbach,0.13846153846153847
999,Rosegg,0.1111111111111111
1000,Hofstätten an der Raab,0.23809523809523808
1001,Neumarkt an der Ybbs,0.16901408450704225
1002,Walchsee,0.15384615384615385
1003,Steinhaus,0.24242424242424243
1004,Gallizien,0.13157894736842105
1005,Oggau am Neusiedler See,0.17567567567567569
1006,Halbenrain,0.22535211267605634
1007,Liebenau,0.14754098360655737
1008,Sankt Egyden am Steinfeld,0.2037037037037037
1009,Pram,0.10909090909090909
1010,Zell am Ziller,0.14516129032258066
1011,Winzendorf-Muthmannsdorf,0.09615384615384616
1012,Mauterndorf,0.13432835820895522
1013,Hatzendorf,0.15517241379310345
1014,Sankt Andrä-Höch,0.14285714285714285
1015,Göpfritz an der Wild,0.4423076923076923
1016,Rust,0.25396825396825395
1017,Sankt Roman,0.19444444444444445
1018,Going am Wilden Kaiser,0.13043478260869565
1019,Sigmundsherberg,0.4745762711864407
1020,Stall,0.14492753623188406
1021,Waidmannsfeld,0.23076923076923078
1022,Asparn an der Zaya,0.22950819672131148
1023,Inzersdorf im Kremstal,0.19642857142857142
1024,Markt Allhau,0.203125
1025,Schönberg am Kamp,0.3484848484848485
1026,Parschlug,0.16176470588235295
1027,Grünbach am Schneeberg,0.2028985507246377
1028,Gai,0.14285714285714285
1029,Weppersdorf,0.16666666666666666
1030,Trausdorf an der Wulka,0.20833333333333334
1031,Brand-Nagelberg,0.23076923076923078
1032,Bergland,0.375
1033,Arbesbach,0.3076923076923077
1034,Rappottenstein,0.27419354838709675
1035,Deutsch Kaltenbrunn,0.19718309859154928
1036,Ischgl,0.14705882352941177
1037,Zwettl an der Rodl,0.14814814814814814
1038,Absdorf,0.5166666666666667
1039,Sankt Peter am Wimberg,0.21212121212121213
1040,Heiligenkreuz am Waasen,0.14285714285714285
1041,Matzendorf-Hölles,0.22388059701492538
1042,Radkersburg Umgebung,0.05454545454545454
1043,Sipbachzell,0.16129032258064516
1044,Mischendorf,0.20270270270270271
1045,Schwarzenberg,0.13333333333333333
1046,Jagerberg,0.17857142857142858
1047,Lendorf,0.05
1048,Zerlach,0.17647058823529413
1049,Dellach im Drautal,0.15151515151515152
1050,Piberbach,0.18181818181818182
1051,Breitenbrunn am Neusiedler See,0.22641509433962265
1052,Rangersdorf,0.13333333333333333
1053,Niederwaldkirchen,0.21212121212121213
1054,Ilztal,0.11864406779661017
1055,Pamhagen,0.2033898305084746
1056,Enzenkirchen,0.18518518518518517
1057,Mitterndorf an der Fischa,0.1346153846153846
1058,Emmersdorf an der Donau,0.36923076923076925
1059,Mitterkirchen im Machland,0.11594202898550725
1060,Rohrendorf bei Krems,0.3939393939393939
1061,Ravelsbach,0.4411764705882353
1062,Spital am Semmering,0.1044776119402985
1063,Prutz,0.109375
1064,Hochneukirchen-Gschaidt,0.2698412698412698
1065,Stockenboi,0.19642857142857142
1066,Rosental an der Kainach,0.08695652173913043
1067,Saxen,0.16666666666666666
1068,Straß in Steiermark,0.10526315789473684
1069,Traunkirchen,0.3392857142857143
1070,Günselsdorf,0.2833333333333333
1071,Dobersberg,0.3770491803278688
1072,Blumau-Neurißhof,0.16923076923076924
1073,Münichreith-Laimbach,0.32857142857142857
1074,Kobenz,0.22807017543859648
1075,Attendorf,0.1506849315068493
1076,Baierdorf bei Anger,0.21739130434782608
1077,Pabneukirchen,0.1896551724137931
1078,Hürm,0.4057971014492754
1079,Seeham,0.10638297872340426
1080,Spitz,0.31746031746031744
1081,Hagenbrunn,0.15384615384615385
1082,Steuerberg,0.08823529411764706
1083,Losenstein,0.14516129032258066
1084,Sankt Martin im Innkreis,0.1232876712328767
1085,Zeillern,0.01639344262295082
1086,Angerberg,0.1111111111111111
1087,Au,0.15151515151515152
1088,Donnerskirchen,0.1875
1089,Windhaag bei Freistadt,0.1791044776119403
1090,Münzbach,0.15789473684210525
1091,Hadres,0.2833333333333333
1092,Sankt Stefan im Gailtal,0.15
1093,Reith bei Kitzbühel,0.11267605633802817
1094,Dorfgastein,0.15
1095,Birkfeld,0.125
1096,Murfeld,0.2033898305084746
1097,Preding,0.12280701754385964
1098,Hüttenberg,0.17857142857142858
1099,Neckenmarkt,0.17142857142857143
1100,Sulzberg,0.2
1101,Dechantskirchen,0.21875
1102,Weissenbach an der Triesting,0.3448275862068966
1103,Kammern im Liesingtal,0.1746031746031746
1104,Sankt Lorenzen am Wechsel,0.23333333333333334
1105,Straden,0.19402985074626866
1106,Schönwies,0.08771929824561403
1107,Pilgersdorf,0.11764705882352941
1108,Marbach an der Donau,0.14705882352941177
1109,Hafning bei Trofaiach,0.034482758620689655
1110,Sankt Martin-Karlsbach,0.171875
1111,Edelschrott,0.13636363636363635
1112,Mieders,0.09615384615384616
1113,Aflenz Land,0.1076923076923077
1114,Weitersfeld,0.3541666666666667
1115,Nauders,0.17647058823529413
1116,Maria Neustift,0.15625
1117,Kapfenstein,0.24444444444444444
1118,Diersbach,0.11864406779661017
1119,Globasnitz,0.16923076923076924
1120,Bernhardsthal,0.2037037037037037
1121,Turnau,0.140625
1122,Sankt Johann-Köppling,0.07017543859649122
1123,Fischbach,0.1896551724137931
1124,Stronsdorf,0.3829787234042553
1125,Haugsdorf,0.65
1126,Hofamt Priel,0.22916666666666666
1127,Adlwang,0.09836065573770492
1128,Gaschurn,0.09090909090909091
1129,Hart-Purgstall,0.14285714285714285
1130,Pischelsdorf am Engelbach,0.22058823529411764
1131,Peilstein im Mühlviertel,0.2222222222222222
1132,Vils,0.18333333333333332
1133,Obernberg am Inn,0.1724137931034483
1134,Proleb,0.26666666666666666
1135,Mariazell,0.23333333333333334
1136,Kirchbach in Steiermark,0.21428571428571427
1137,Neukirchen am Walde,0.12727272727272726
1138,Roppen,0.1320754716981132
1139,Pölfing-Brunn,0.06382978723404255
1140,Ferschnitz,0.1702127659574468
1141,Scheifling,0.13559322033898305
1142,Großkrut,0.35
1143,Mühlbach am Hochkönig,0.19298245614035087
1144,Sankt Aegidi,0.15789473684210525
1145,Riedlingsdorf,0.14
1146,Pitschgau,0.22807017543859648
1147,Kottes-Purk,0.3728813559322034
1148,Golling an der Erlauf,0.2807017543859649
1149,Julbach,0.06349206349206349
1150,Mureck,0.16
1151,Wernstein am Inn,0.15625
1152,Wartmannstetten,0.15714285714285714
1153,Natschbach-Loipersbach,0.1836734693877551
1154,Putzleinsdorf,0.2
1155,Berndorf bei Salzburg,0.19047619047619047
1156,Weibern,0.14
1157,Teesdorf,0.0847457627118644
1158,Hafnerbach,0.29850746268656714
1159,Aschau im Zillertal,0.08771929824561403
1160,Oberhofen im Inntal,0.18604651162790697
1161,Sankt Lambrecht,0.08108108108108109
1162,Texingtal,0.3442622950819672
1163,Oepping,0.12244897959183673
1164,Bad Blumau,0.21875
1165,Wildendürnbach,0.28846153846153844
1166,Breitenwang,0.09259259259259259
1167,Lembach im Mühlkreis,0.13725490196078433
1168,Stroheim,0.11940298507462686
1169,Nußdorf ob der Traisen,0.375
1170,Großkirchheim,0.1509433962264151
1171,Uderns,0.05714285714285714
1172,Warth,0.2698412698412698
1173,Stuhlfelden,0.15789473684210525
1174,Hüttau,0.22641509433962265
1175,Oberwang,0.2222222222222222
1176,Hohenberg,0.35185185185185186
1177,Aurach am Hongar,0.16363636363636364
1178,Dalaas,0.21052631578947367
1179,Bad Großpertholz,0.2
1180,Gaißau,0.06557377049180328
1181,Rohrbach an der Gölsen,0.4
1182,Utzenaich,0.24074074074074073
1183,Sankt Koloman,0.1111111111111111
1184,Gaaden,0.11290322580645161
1185,Großmugl,0.2465753424657534
1186,Nickelsdorf,0.1951219512195122
1187,Lend,0.2222222222222222
1188,Sankt Martin am Tennengebirge,0.12195121951219512
1189,Wiesmath,0.19230769230769232
1190,Ruden,0.1935483870967742
1191,Würflach,0.20754716981132076
1192,Arriach,0.10144927536231885
1193,Kollerschlag,0.14285714285714285
1194,Gresten-Land,0.14035087719298245
1195,Desselbrunn,0.171875
1196,Pulkau,0.52
1197,Haslau-Maria Ellend,0.17543859649122806
1198,Wenigzell,0.125
1199,Obersiebenbrunn,0.1276595744680851
1200,Großwarasdorf,0.2727272727272727
1201,Kemeten,0.20689655172413793
1202,Straß im Attergau,0.15151515151515152
1203,Ramsau im Zillertal,0.08928571428571429
1204,Moosbrunn,0.16393442622950818
1205,Karlstein an der Thaya,0.44642857142857145
1206,Rohrau,0.19607843137254902
1207,Hoheneich,0.23404255319148937
1208,Lanzendorf,0.18518518518518517
1209,Sankt Urban,0.05454545454545454
1210,Pfarrkirchen im Mühlkreis,0.20833333333333334
1211,Pirching am Traubenberg,0.2
1212,Brandenberg,0.18604651162790697
1213,Schenkenfelden,0.13953488372093023
1214,Bad Pirawarth,0.1509433962264151
1215,Eberstein,0.2127659574468085
1216,Unterach am Attersee,0.10416666666666667
1217,Kreuzstetten,0.2033898305084746
1218,Unzmarkt-Frauenburg,0.140625
1219,Oed-Öhling,0.10416666666666667
1220,Finkenberg,0.10909090909090909
1221,Schwarzenau,0.4222222222222222
1222,Sankt Leonhard im Pitztal,0.061224489795918366
1223,Niederhollabrunn,0.16666666666666666
1224,Guttaring,0.17073170731707318
1225,Unterfladnitz,0.2037037037037037
1226,Rainbach im Innkreis,0.19047619047619047
1227,Jochberg,0.17391304347826086
1228,Attersee,0.0784313725490196
1229,Offenhausen,0.15517241379310345
1230,Lesachtal,0.14705882352941177
1231,Großradl,0.16666666666666666
1232,Hofkirchen an der Trattnach,0.10714285714285714
1233,Gleinstätten,0.16129032258064516
1234,Sandl,0.1702127659574468
1235,Straß im Straßertale,0.3
1236,Afritz am See,0.15625
1237,Weer,0.20754716981132076
1238,Sankt Gallen,0.15217391304347827
1239,Wolfsgraben,0.3148148148148148
1240,Nikitsch,0.11538461538461539
1241,Wettmannstätten,0.1509433962264151
1242,Sankt Ulrich am Pillersee,0.125
1243,Zell am Moos,0.2682926829268293
1244,Ottendorf an der Rittschein,0.26
1245,Freinberg,0.14285714285714285
1246,Pettneu am Arlberg,0.08771929824561403
1247,Weyregg am Attersee,0.12857142857142856
1248,Prinzersdorf,0.3508771929824561
1249,Schäffern,0.24444444444444444
1250,Weitendorf,0.13333333333333333
1251,Söchau,0.2653061224489796
1252,Neumarkt im Hausruckkreis,0.17073170731707318
1253,Tumeltsham,0.18518518518518517
1254,Enzersfeld,0.2653061224489796
1255,Großgöttfritz,0.23728813559322035
1256,Neustift im Mühlkreis,0.2033898305084746
1257,Bad Radkersburg,0.14285714285714285
1258,Zöbern,0.16363636363636364
1259,Ragnitz,0.1276595744680851
1260,Grambach,0.10909090909090909
1261,Gußwerk,0.16279069767441862
1262,Oberlienz,0.09090909090909091
1263,Aibl,0.10204081632653061
1264,Klausen-Leopoldsdorf,0.559322033898305
1265,Stainztal,0.21739130434782608
1266,Winklarn,0.17857142857142858
1267,Stocking,0.1864406779661017
1268,Hardegg,0.3404255319148936
1269,Neuberg an der Mürz,0.1864406779661017
1270,Reisenberg,0.18
1271,Untersiebenbrunn,0.14
1272,Hofkirchen im Traunkreis,0.10869565217391304
1273,Gaal,0.2
1274,Rinn,0.18181818181818182
1275,Zwölfaxing,0.19148936170212766
1276,Thaya,0.3181818181818182
1277,Gutenstein,0.2777777777777778
1278,Sankt Leonhard bei Freistadt,0.06666666666666667
1279,Kirchberg am Walde,0.2608695652173913
1280,Weißenkirchen in der Wachau,0.3695652173913043
1281,Erl,0.2
1282,Vorau,0.18604651162790697
1283,Groß-Engersdorf,0.1875
1284,Zwaring-Pöls,0.21428571428571427
1285,Rassach,0.12280701754385964
1286,Dobl,0.16666666666666666
1287,Schwendau,0.08928571428571429
1288,Baumgartenberg,0.2558139534883721
1289,Mühldorf,0.12195121951219512
1290,Georgsberg,0.18181818181818182
1291,Unterbergla,0.13793103448275862
1292,Hennersdorf,0.12727272727272726
1293,Pistorf,0.1774193548387097
1294,Kaindorf,0.11363636363636363
1295,Sallingberg,0.2222222222222222
1296,Großwilfersdorf,0.18181818181818182
1297,Stinatz,0.22916666666666666
1298,Burgschleinitz-Kühnring,0.5692307692307692
1299,Hofkirchen im Mühlkreis,0.2962962962962963
1300,Reichersberg,0.24
1301,Zettling,0.1568627450980392
1302,Kohfidisch,0.22916666666666666
1303,Rohrmoos-Untertal,0.17857142857142858
1304,Kleinzell im Mühlkreis,0.11764705882352941
1305,Lafnitz,0.2222222222222222
1306,Lengenfeld,0.5686274509803921
1307,Kolsass,0.09803921568627451
1308,Wundschuh,0.10526315789473684
1309,Sankt Georgen ob Murau,0.14545454545454545
1310,Moosdorf,0.18421052631578946
1311,Sachsenburg,0.16363636363636364
1312,Eibiswald,0.125
1313,Hernstein,0.18421052631578946
1314,Rotenturm an der Pinka,0.2
1315,Öblarn,0.1746031746031746
1316,Suben,0.23214285714285715
1317,Hof am Leithaberge,0.16326530612244897
1318,Krumegg,0.19607843137254902
1319,Naas,0.2
1320,Tobaj,0.18604651162790697
1321,Ampass,0.1590909090909091
1322,Reichenthal,0.06557377049180328
1323,Inzersdorf-Getzersdorf,0.5333333333333333
1324,Höf-Präbach,0.18181818181818182
1325,Schlägl,0.13725490196078433
1326,Schützen am Gebirge,0.14285714285714285
1327,Neidling,0.3469387755102041
1328,Schönegg bei Pöllau,0.23728813559322035
1329,Weng im Innkreis,0.22727272727272727
1330,Sulmeck-Greith,0.1111111111111111
1331,Hippach,0.10909090909090909
1332,Oberndorf bei Schwanenstadt,0.21568627450980393
1333,Geras,0.44
1334,Nitscha,0.1111111111111111
1335,Krummnußbaum,0.14285714285714285
1336,Tieschen,0.11904761904761904
1337,Irnfritz-Messern,0.36363636363636365
1338,Stoob,0.07547169811320754
1339,Ringelsdorf-Niederabsdorf,0.10256410256410256
1340,Fuschl am See,0.28888888888888886
1341,Heiligenkreuz,0.23404255319148937
1342,Sankt Bartholomä,0.12244897959183673
1343,Olbendorf,0.18181818181818182
1344,Geboltskirchen,0.18
1345,Windhaag bei Perg,0.06
1346,Hengsberg,0.14893617021276595
1347,Neustift-Innermanzing,0.4883720930232558
1348,Hohenau an der Raab,0.06976744186046512
1349,Tulfes,0.23255813953488372
1350,Höhnhart,0.10869565217391304
1351,Bad Deutsch-Altenburg,0.19230769230769232
1352,Neudorf bei Staatz,0.22916666666666666
1353,Telfes im Stubai,0.13333333333333333
1354,Draßmarkt,0.15254237288135594
1355,Waldburg,0.22641509433962265
1356,Statzendorf,0.3898305084745763
1357,Loipersdorf bei Fürstenfeld,0.11627906976744186
1358,Mühlbachl,0.1282051282051282
1359,Berg im Drautal,0.21052631578947367
1360,Sebersdorf,0.15789473684210525
1361,Dorfbeuern,0.16923076923076924
1362,Filzmoos,0.15384615384615385
1363,Sankt Andrä am Zicksee,0.2459016393442623
1364,Rastenfeld,0.3181818181818182
1365,Edelsbach bei Feldbach,0.16326530612244897
1366,Grimmenstein,0.14035087719298245
1367,Großsteinbach,0.24
1368,Pfaffing,0.12727272727272726
1369,Kraubath an der Mur,0.15384615384615385
1370,Sankt Margarethen bei Knittelfeld,0.16071428571428573
1371,Glanz an der Weinstraße,0.14893617021276595
1372,Schlatt,0.11764705882352941
1373,Göttlesbrunn-Arbesthal,0.22641509433962265
1374,Sankt Josef (Weststeiermark),0.15384615384615385
1375,Wolfau,0.20689655172413793
1376,Grabern,0.3673469387755102
1377,Hart im Zillertal,0.11904761904761904
1378,Grundlsee,0.15384615384615385
1379,Ungenach,0.11764705882352941
1380,Lingenau,0.09836065573770492
1381,Sellrain,0.2
1382,Allerheiligen bei Wildon,0.17073170731707318
1383,Redlham,0.3
1384,Burgauberg-Neudauberg,0.18604651162790697
1385,Kreuttal,0.21568627450980393
1386,Laussa,0.06818181818181818
1387,Eppenstein,0.2
1388,Neufelden,0.0851063829787234
1389,Traboch,0.20454545454545456
1390,Leiben,0.34285714285714286
1391,Ramingstein,0.07692307692307693
1392,Ebenau,0.09090909090909091
1393,Rußbach,0.4583333333333333
1394,Kematen am Innbach,0.2
1395,Bockfließ,0.19047619047619047
1396,Oberhofen am Irrsee,0.1590909090909091
1397,Anras,0.1702127659574468
1398,Dellach,0.1836734693877551
1399,Hohe Wand,0.1891891891891892
1400,Gastern,0.3
1401,Flattach,0.14285714285714285
1402,Langen bei Bregenz,0.21428571428571427
1403,Jois,0.20930232558139536
1404,Landl,0.045454545454545456
1405,Scheffau am Wilden Kaiser,0.21311475409836064
1406,Geinberg,0.13513513513513514
1407,Handenberg,0.14814814814814814
1408,Maria Schmolln,0.1
1409,Mariahof,0.09302325581395349
1410,Arbing,0.1111111111111111
1411,Prellenkirchen,0.16981132075471697
1412,Weißenkirchen an der Perschling,0.55
1413,Lambrechten,0.17543859649122806
1414,Weißenbach am Lech,0.14285714285714285
1415,Maria Wörth,0.125
1416,Grins,0.1
1417,Groß-Schweinbarth,0.2765957446808511
1418,Fresach,0.17073170731707318
1419,Sankt Georgen an der Leys,0.5471698113207547
1420,Mettersdorf am Saßbach,0.16326530612244897
1421,Rohrbach-Steinberg,0.1956521739130435
1422,Sautens,0.19047619047619047
1423,Sankt Gotthard im Mühlkreis,0.12903225806451613
1424,Wolfpassing,0.21739130434782608
1425,Oberdrauburg,0.21052631578947367
1426,Waldhausen,0.18181818181818182
1427,Seibersdorf,0.16666666666666666
1428,Weißkirchen in Steiermark,0.12244897959183673
1429,Scheffau am Tennengebirge,0.14814814814814814
1430,Tristach,0.2222222222222222
1431,Klöch,0.2037037037037037
1432,Sankt Peter im Sulmtal,0.15
1433,Weinzierl am Walde,0.3469387755102041
1434,Gitschtal,0.06666666666666667
1435,Kapelln,0.38095238095238093
1436,Weinburg,0.38461538461538464
1437,Wang,0.23076923076923078
1438,Ried im Oberinntal,0.2222222222222222
1439,Kals am Großglockner,0.1111111111111111
1440,Klaffer am Hochficht,0.046511627906976744
1441,Grinzens,0.13333333333333333
1442,Bad Tatzmannsdorf,0.23255813953488372
1443,Ertl,0.0851063829787234
1444,Neudau,0.12280701754385964
1445,Sieggraben,0.1
1446,Haibach ob der Donau,0.125
1447,Meggenhofen,0.09433962264150944
1448,Oslip,0.23684210526315788
1449,Hohenweiler,0.09523809523809523
1450,Petzenkirchen,0.11627906976744186
1451,Drosendorf-Zissersdorf,0.46938775510204084
1452,Ried im Zillertal,0.2222222222222222
1453,Waldkirchen am Wesen,0.125
1454,Tadten,0.21052631578947367
1455,Nappersdorf-Kammersdorf,0.5833333333333334
1456,Prottes,0.20833333333333334
1457,Schlitters,0.16393442622950818
1458,Sankt Anton an der Jeßnitz,0.26785714285714285
1459,Empersdorf,0.1282051282051282
1460,Gurk,0.12244897959183673
1461,Deutsch Goritz,0.21739130434782608
1462,Fischlham,0.08333333333333333
1463,Aurach bei Kitzbühel,0.023809523809523808
1464,Scharnitz,0.14285714285714285
1465,Stams,0.1111111111111111
1466,Königsbrunn am Wagram,0.5192307692307693
1467,Mellau,0.25
1468,Eschenau,0.37209302325581395
1469,Großschönau,0.14285714285714285
1470,Müllendorf,0.18604651162790697
1471,Vordernberg,0.18181818181818182
1472,Mölbling,0.2127659574468085
1473,Sankt Bernhard-Frauenhofen,0.35
1474,Breitenau,0.1836734693877551
1475,Höfen,0.15384615384615385
1476,Eggerding,0.10869565217391304
1477,Trebesing,0.16279069767441862
1478,Michaelnbach,0.15789473684210525
1479,Seckau,0.25
1480,Hohenwarth-Mühlbach a.M.,0.5405405405405406
1481,Prägraten am Großvenediger,0.10526315789473684
1482,Tattendorf,0.2
1483,Frojach-Katsch,0.2682926829268293
1484,Unterlamm,0.12244897959183673
1485,Neusiedl an der Zaya,0.14634146341463414
1486,Ardning,0.13953488372093023
1487,Kleblach-Lind,0.2222222222222222
1488,Kasten bei Böheimkirchen,0.49122807017543857
1489,Hauskirchen,0.24444444444444444
1490,Pfons,0.024390243902439025
1491,Loipersbach im Burgenland,0.19148936170212766
1492,Schiedlberg,0.11904761904761904
1493,Seebenstein,0.09375
1494,Palterndorf-Dobermannsdorf,0.21951219512195122
1495,Trins,0.09090909090909091
1496,Schachen bei Vorau,0.13043478260869565
1497,Gutenberg an der Raabklamm,0.13333333333333333
1498,Strengen,0.14583333333333334
1499,Zemendorf-Stöttera,0.1935483870967742
1500,Bromberg,0.1
1501,Kautzen,0.37254901960784315
1502,Loipersdorf-Kitzladen,0.16326530612244897
1503,Mötz,0.22641509433962265
1504,Haselsdorf-Tobelbad,0.12195121951219512
1505,Zederhaus,0.18181818181818182
1506,Bergern im Dunkelsteinerwald,0.36363636363636365
1507,Gilgenberg am Weilhart,0.125
1508,Echsenbach,0.45714285714285713
1509,Rohr im Kremstal,0.11320754716981132
1510,Würmla,0.5625
1511,Eichberg,0.19444444444444445
1512,Fügenberg,0.13725490196078433
1513,Mariasdorf,0.1276595744680851
1514,Pflach,0.1320754716981132
1515,Steinberg-Dörfl,0.16666666666666666
1516,Frankenau-Unterpullendorf,0.18421052631578946
1517,Ratten,0.16666666666666666
1518,Zelking-Matzleinsdorf,0.4782608695652174
1519,Heiligenkreuz im Lafnitztal,0.16129032258064516
1520,Kaltenbach,0.14754098360655737
1521,Sankt Oswald-Möderbrugg,0.1568627450980392
1522,Brodingberg,0.09090909090909091
1523,Waldenstein,0.20930232558139536
1524,Thomasberg,0.125
1525,Zell am Pettenfirst,0.13636363636363635
1526,Kitzeck im Sausal,0.20408163265306123
1527,Übersbach,0.3
1528,Sankt Kathrein am Offenegg,0.23404255319148937
1529,Sankt Marein bei Graz,0.17073170731707318
1530,Eichkögl,0.1111111111111111
1531,Gries am Brenner,0.02631578947368421
1532,Floing,0.1590909090909091
1533,Winklern,0.1
1534,Sankt Leonhard am Hornerwald,0.36666666666666664
1535,Serfaus,0.1702127659574468
1536,Grafenschachen,0.11764705882352941
1537,Lang,0.14285714285714285
1538,Gersdorf an der Feistritz,0.10909090909090909
1539,Ort im Innkreis,0.23529411764705882
1540,Neuhaus,0.022727272727272728
1541,Sankt Marein bei Knittelfeld,0.17647058823529413
1542,Viehdorf,0.14285714285714285
1543,Dietmanns,0.3488372093023256
1544,Plainfeld,0.1
1545,Rossatz-Arnsdorf,0.325
1546,Martinsberg,0.45454545454545453
1547,Gnadendorf,0.3333333333333333
1548,Petronell-Carnuntum,0.25
1549,Gnesau,0.18421052631578946
1550,Kornberg bei Riegersburg,0.2
1551,Etzersdorf-Rollsdorf,0.21428571428571427
1552,Reichenau im Mühlkreis,0.1590909090909091
1553,Stetten,0.14285714285714285
1554,Feld am See,0.1111111111111111
1555,Ebersdorf,0.18421052631578946
1556,Altenmarkt bei Fürstenfeld,0.15555555555555556
1557,Mogersdorf,0.17391304347826086
1558,Gosdorf,0.1111111111111111
1559,Achau,0.14893617021276595
1560,Großharras,0.37735849056603776
1561,Mellach,0.19444444444444445
1562,Schloßberg,0.16666666666666666
1563,Markt Sankt Martin,0.22916666666666666
1564,Leithaprodersdorf,0.09090909090909091
1565,Kalwang,0.25925925925925924
1566,Klingenbach,0.22
1567,Wald im Pinzgau,0.13157894736842105
1568,Drösing,0.11904761904761904
1569,Amaliendorf-Aalfang,0.23809523809523808
1570,Bischofstetten,0.32142857142857145
1571,Gurten,0.1891891891891892
1572,Birgitz,0.1111111111111111
1573,Wörschach,0.17073170731707318
1574,Fladnitz an der Teichalm,0.15
1575,Sulz im Weinviertel,0.2608695652173913
1576,Sankt Peter ob Judenburg,0.06382978723404255
1577,Micheldorf,0.10526315789473684
1578,Hirschbach im Mühlkreis,0.1956521739130435
1579,Litzelsdorf,0.1568627450980392
1580,Waidhofen an der Thaya-Land,0.40476190476190477
1581,Sankt Martin bei Lofer,0.14
1582,Sankt Veit im Mühlkreis,0.2
1583,Atzbach,0.16
1584,Klaus an der Pyhrnbahn,0.15384615384615385
1585,Sankt Georgen an der Stiefing,0.10256410256410256
1586,Sankt Martin,0.19047619047619047
1587,Mining,0.12
1588,Leitzersdorf,0.2608695652173913
1589,Sankt Oswald bei Plankenwarth,0.30303030303030304
1590,Wiesfleck,0.35135135135135137
1591,Laab im Walde,0.3125
1592,Weißenbach bei Liezen,0.15
1593,Haringsee,0.13636363636363635
1594,Hollersbach im Pinzgau,0.20930232558139536
1595,Weiten,0.2909090909090909
1596,Waisenegg,0.2857142857142857
1597,Hochleithen,0.2222222222222222
1598,Sankt Willibald,0.2777777777777778
1599,Minihof-Liebau,0.21153846153846154
1600,Koglhof,0.10810810810810811
1601,Merkendorf,0.21212121212121213
1602,Deutsch Schützen-Eisenberg,0.24390243902439024
1603,Artstetten-Pöbring,0.3389830508474576
1604,Sankt Sebastian,0.2553191489361702
1605,Jaidhof,0.19148936170212766
1606,Großlobming,0.20588235294117646
1607,Sankt Magdalena am Lemberg,0.16666666666666666
1608,Höflein,0.1956521739130435
1609,Allerheiligen im Mühlkreis,0.21951219512195122
1610,Eschenau im Hausruckkreis,0.16
1611,Eckartsau,0.15151515151515152
1612,Drasenhofen,0.2682926829268293
1613,Reith bei Seefeld,0.05
1614,Nestelbach im Ilztal,0.13953488372093023
1615,Erlauf,0.25
1616,Sankt Oswald,0.14285714285714285
1617,Engelhartszell,0.16666666666666666
1618,Flaurling,0.18181818181818182
1619,Brand-Laaben,0.47368421052631576
1620,Hargelsberg,0.17857142857142858
1621,Sankt Katharein an der Laming,0.1956521739130435
1622,Sankt Jakob im Walde,0.11428571428571428
1623,Jedenspeigen,0.225
1624,Kirchberg ob der Donau,0.12195121951219512
1625,Sankt Margareten im Rosental,0.14705882352941177
1626,Sooß,0.125
1627,Lackenbach,0.125
1628,Itter,0.09090909090909091
1629,Weinburg am Saßbach,0.16666666666666666
1630,Gattendorf,0.21212121212121213
1631,Sigleß,0.23076923076923078
1632,Arnfels,0.08108108108108109
1633,Donnersbach,0.16216216216216217
1634,Hochfilzen,0.2903225806451613
1635,Heiligenblut,0.1276595744680851
1636,Wimpassing an der Leitha,0.16666666666666666
1637,Nestelbach bei Graz,0.08823529411764706
1638,Feistritz bei Anger,0.17777777777777778
1639,Geretsberg,0.1111111111111111
1640,Feistritz am Wechsel,0.17647058823529413
1641,Winden am See,0.11764705882352941
1642,Schildorn,0.11428571428571428
1643,Dimbach,0.15384615384615385
1644,Sankt Nikolai ob Draßling,0.0975609756097561
1645,Heldenberg,0.3684210526315789
1646,Sankt Georgen bei Grieskirchen,0.09302325581395349
1647,Guntersdorf,0.4838709677419355
1648,Schöder,0.11764705882352941
1649,Vogau,0.1282051282051282
1650,Preitenegg,0.13636363636363635
1651,Rabensburg,0.17142857142857143
1652,Obsteig,0.23255813953488372
1653,Hatting,0.08108108108108109
1654,Laßnitz bei Murau,0.15
1655,Mitterberg,0.15625
1656,Apfelberg,0.23684210526315788
1657,Nußdorf am Attersee,0.15
1658,Lermoos,0.14285714285714285
1659,Tragöß,0.15384615384615385
1660,See,0.02702702702702703
1661,Ranten,0.05
1662,Steegen,0.16129032258064516
1663,Pfaffenhofen,0.02564102564102564
1664,Tannheim,0.14634146341463414
1665,Rottenbach,0.26666666666666666
1666,Gaishorn am See,0.10810810810810811
1667,Laßnitzthal,0.18181818181818182
1668,Baumkirchen,0.07692307692307693
1669,Ellbögen,0.12121212121212122
1670,Lichtenegg,0.20512820512820512
1671,Hohenbrugg-Weinberg,0.2702702702702703
1672,Langenegg,0.05128205128205128
1673,Gabersdorf,0.1388888888888889
1674,Unterkohlstätten,0.15789473684210525
1675,Saifen-Boden,0.3055555555555556
1676,Antiesenhofen,0.125
1677,Raxendorf,0.23333333333333334
1678,Oberdorf im Burgenland,0.1590909090909091
1679,Albeck,0.125
1680,Ottenschlag,0.28205128205128205
1681,Albrechtsberg an der Großen Krems,0.35
1682,Sankt Konrad,0.0975609756097561
1683,Sankt Michael im Burgenland,0.1875
1684,Ehrenhausen,0.1282051282051282
1685,Arnreit,0.18181818181818182
1686,Retzbach,0.42105263157894735
1687,Pillichsdorf,0.1951219512195122
1688,Scharndorf,0.1590909090909091
1689,Draßburg,0.28888888888888886
1690,Windigsteig,0.34210526315789475
1691,Leopoldschlag,0.15625
1692,Bad Traunstein,0.2708333333333333
1693,Stadl an der Mur,0.17647058823529413
1694,Sonnhofen,0.2692307692307692
1695,Sankt Margarethen an der Sierning,0.358974358974359
1696,Muckendorf-Wipfing,0.43243243243243246
1697,Rohrbach an der Lafnitz,0.11428571428571428
1698,Gerersdorf-Sulz,0.22857142857142856
1699,Pill,0.15384615384615385
1700,Hollenthon,0.25
1701,Rohr bei Hartberg,0.17857142857142858
1702,Röschitz,0.4375
1703,Walpersbach,0.12903225806451613
1704,Buch-Geiseldorf,0.13043478260869565
1705,Innerschwand,0.05405405405405406
1706,Neutal,0.26666666666666666
1707,Hochwolkersdorf,0.1568627450980392
1708,Marhof,0.22857142857142856
1709,Ludweis-Aigen,0.37777777777777777
1710,Schwarzenbach,0.1956521739130435
1711,Heinfels,0.18421052631578946
1712,Oberwölz Stadt,0.1111111111111111
1713,Spielfeld,0.2894736842105263
1714,Riegersberg,0.14634146341463414
1715,Schönbühel-Aggsbach,0.2903225806451613
1716,Pama,0.1111111111111111
1717,Niederthalheim,0.19444444444444445
1718,Kaumberg,0.4523809523809524
1719,Sankt Marein bei Neumarkt,0.14634146341463414
1720,Eltendorf,0.11764705882352941
1721,Unserfrau-Altweitra,0.16216216216216217
1722,Amering,0.15384615384615385
1723,Bairisch Kölldorf,0.12
1724,Allhaming,0.1794871794871795
1725,Helfenberg,0.2
1726,Pölla,0.3684210526315789
1727,Aflenz Kurort,0.21621621621621623
1728,Greisdorf,0.17647058823529413
1729,Pernersdorf,0.43902439024390244
1730,Fiss,0.2
1731,Burgau,0.19444444444444445
1732,Schleißheim,0.18421052631578946
1733,Niederkappel,0.19047619047619047
1734,Mühlen,0.10714285714285714
1735,Stainz bei Straden,0.16666666666666666
1736,Neuberg im Burgenland,0.13157894736842105
1737,Doren,0.19444444444444445
1738,Nöchling,0.24
1739,Dorf an der Pram,0.1875
1740,Tauplitz,0.2222222222222222
1741,Reinsberg,0.17857142857142858
1742,Schönberg im Stubaital,0.07692307692307693
1743,Sankt Jakob in Defereggen,0.07407407407407407
1744,Kirchberg bei Mattighofen,0.12121212121212122
1745,Schlag bei Thalberg,0.20833333333333334
1746,Ainet,0.13953488372093023
1747,Herrnbaumgarten,0.23684210526315788
1748,Berg im Attergau,0.22
1749,Unternberg,0.03225806451612903
1750,Klein-Pöchlarn,0.4888888888888889
1751,Kirnberg an der Mank,0.45
1752,Hinterstoder,0.029411764705882353
1753,Pürgg-Trautenfels,0.125
1754,Innervillgraten,0.10714285714285714
1755,Mürzhofen,0.0967741935483871
1756,Sankt Johann am Wimberg,0.12903225806451613
1757,Stetteldorf am Wagram,0.6363636363636364
1758,Riefensberg,0.0967741935483871
1759,Opponitz,0.0851063829787234
1760,Deutsch-Griffen,0.21052631578947367
1761,Bizau,0.17391304347826086
1762,Pierbach,0.13333333333333333
1763,Neuhaus am Klausenbach,0.09090909090909091
1764,Edlitz,0.21153846153846154
1765,Mallnitz,0.16666666666666666
1766,Ollersdorf im Burgenland,0.3333333333333333
1767,Güttenbach,0.20689655172413793
1768,Gasen,0.2558139534883721
1769,Pramet,0.16
1770,Pfaffenschlag bei Waidhofen an der Thaya,0.43243243243243246
1771,Eberau,0.0851063829787234
1772,Seefeld-Kadolz,0.40625
1773,Seggauberg,0.15789473684210525
1774,Spannberg,0.10714285714285714
1775,Weikersdorf am Steinfelde,0.17142857142857143
1776,Eichfeld,0.11904761904761904
1777,Gossendorf,0.23333333333333334
1778,Innerbraz,0.03125
1779,Jerzens,0.21875
1780,Rosenburg-Mold,0.2564102564102564
1781,Puchkirchen am Trattberg,0.15384615384615385
1782,Meiseldorf,0.41025641025641024
1783,Flirsch,0.1891891891891892
1784,Großriedenthal,0.4857142857142857
1785,Angath,0.10256410256410256
1786,Maria Laach am Jauerling,0.42857142857142855
1787,Pettnau,0.06896551724137931
1788,Schleedorf,0.17647058823529413
1789,Matrei am Brenner,0.2222222222222222
1790,Weißenkirchen im Attergau,0.1875
1791,Pollham,0.18604651162790697
1792,Sankt Georgen ob Judenburg,0.21428571428571427
1793,Hüttschlag,0.125
1794,Franking,0.11627906976744186
1795,Roßbach,0.2
1796,Schönbach,0.3333333333333333
1797,Geistthal,0.14285714285714285
1798,Bruck am Ziller,0.1388888888888889
1799,Gschaid bei Birkfeld,0.2413793103448276
1800,Glödnitz,0.17647058823529413
1801,Pfaffstätt,0.1891891891891892
1802,Unterwart,0.1
1803,Mönichwald,0.09090909090909091
1804,Schoppernau,0.125
1805,Hallstatt,0.10526315789473684
1806,Hieflau,0.08571428571428572
1807,Zagersdorf,0.125
1808,Winklern bei Oberwölz,0.11428571428571428
1809,Michelbach,0.3888888888888889
1810,Weiden an der March,0.29411764705882354
1811,Schollach,0.3235294117647059
1812,Gaubitsch,0.45
1813,Wängle,0.14285714285714285
1814,Hirm,0.18181818181818182
1815,Altmelon,0.37142857142857144
1816,Limberg bei Wies,0.23076923076923078
1817,Pichl-Preunegg,0.16216216216216217
1818,Mörtschach,0.21052631578947367
1819,Moosbach,0.15
1820,Ramsau,0.5454545454545454
1821,Strem,0.15789473684210525
1822,Fornach,0.25
1823,Lans,0.16129032258064516
1824,Heiligenbrunn,0.1891891891891892
1825,Polling im Innkreis,0.16666666666666666
1826,Oberzeiring,0.14285714285714285
1827,Dürnstein,0.45454545454545453
1828,Grafenschlag,0.32142857142857145
1829,Au am Leithaberge,0.18181818181818182
1830,Altenmarkt bei Sankt Gallen,0.17647058823529413
1831,Hohenruppersdorf,0.2608695652173913
1832,Schrattenthal,0.5454545454545454
1833,Haunoldstein,0.39285714285714285
1834,Leisach,0.21428571428571427
1835,Zillingtal,0.1724137931034483
1836,Piringsdorf,0.17142857142857143
1837,Schmirn,0.07692307692307693
1838,Raggal,0.06451612903225806
1839,Sankt Martin am Wöllmißberg,0.18518518518518517
1840,Predlitz-Turrach,0.11538461538461539
1841,Rechberg,0.037037037037037035
1842,Aich,0.16129032258064516
1843,Goldwörth,0.1
1844,Sankt Thomas am Blasenstein,0.08108108108108109
1845,Weiden bei Rechnitz,0.21739130434782608
1846,Strassen,0.10256410256410256
1847,Patsch,0.15625
1848,Krimml,0.17647058823529413
1849,Sankt Nikola an der Donau,0.26666666666666666
1850,Gerersdorf,0.4230769230769231
1851,Galtür,0.13793103448275862
1852,Hof bei Straden,0.08333333333333333
1853,Lutzmannsburg,0.2222222222222222
1854,Kartitsch,0.1111111111111111
1855,Anger,0.25
1856,Palting,0.05263157894736842
1857,Außervillgraten,0.25
1858,Trautmannsdorf in Oststeiermark,0.15789473684210525
1859,Baumgarten,0.08333333333333333
1860,Sankt Stefan am Walde,0.0
1861,Ritzing,0.3333333333333333
1862,Silbertal,0.16129032258064516
1863,Pennewang,0.3333333333333333
1864,Södingberg,0.13333333333333333
1865,Maria Taferl,0.20588235294117646
1866,Eichberg-Trautenburg,0.0967741935483871
1867,Nikolsdorf,0.08
1868,Hausbrunn,0.14705882352941177
1869,Kleinzell,0.36363636363636365
1870,Krispl,0.21428571428571427
1871,Auersbach,0.15625
1872,Oberwölz Umgebung,0.12121212121212122
1873,Tollet,0.12121212121212122
1874,Diex,0.13793103448275862
1875,Obervogau,0.11764705882352941
1876,Ranggen,0.13333333333333333
1877,Schwand im Innkreis,0.1111111111111111
1878,Brunn an der Wild,0.3611111111111111
1879,Fallbach,0.16666666666666666
1880,Polling in Tirol,0.13636363636363635
1881,Steinbach am Ziehberg,0.19047619047619047
1882,Petersdorf II,0.08571428571428572
1883,Pertlstein,0.15384615384615385
1884,Klein-Neusiedl,0.21875
1885,Raiding,0.12
1886,Willendorf,0.30303030303030304
1887,Manning,0.15384615384615385
1888,Elbigenalp,0.17391304347826086
1889,Hartl,0.125
1890,Bichlbach,0.17647058823529413
1891,Haibach im Mühlkreis,0.25
1892,Neukirchen bei Lambach,0.25
1893,Schrattenberg,0.18518518518518517
1894,Raning,0.125
1895,Sigharting,0.10714285714285714
1896,Strass im Zillertal,0.07407407407407407
1897,Droß,0.3333333333333333
1898,Ebenthal,0.14285714285714285
1899,Waldbach,0.21428571428571427
1900,Klam,0.14285714285714285
1901,Altenburg,0.2857142857142857
1902,Steinbach am Attersee,0.16
1903,Hohenthurn,0.0
1904,Rußbach am Paß Gschütt,0.14285714285714285
1905,Pattigham,0.08
1906,Werfenweng,0.15789473684210525
1907,Hannersdorf,0.2647058823529412
1908,Markgrafneusiedl,0.1724137931034483
1909,Niederleis,0.21951219512195122
1910,Wolfsberg im Schwarzautal,0.2692307692307692
1911,Wendling,0.18518518518518517
1912,Stotzing,0.14285714285714285
1913,Sankt Lorenzen bei Knittelfeld,0.09523809523809523
1914,Breitenfeld an der Rittschein,0.22857142857142856
1915,Stratzing,0.32
1916,Furth an der Triesting,0.6470588235294118
1917,Höflein an der Hohen Wand,0.3103448275862069
1918,Aistersheim,0.16666666666666666
1919,Schachendorf,0.3
1920,Gaimberg,0.05128205128205128
1921,Oberloisdorf,0.16
1922,Dienten am Hochkönig,0.14814814814814814
1923,Pians,0.11363636363636363
1924,Sonnberg im Mühlkreis,0.11428571428571428
1925,Gerlos,0.18181818181818182
1926,Krumau am Kamp,0.36363636363636365
1927,Hopfgarten in Defereggen,0.21428571428571427
1928,Langegg bei Graz,0.14814814814814814
1929,Johnsdorf-Brunn,0.2777777777777778
1930,Sankt Margarethen im Lungau,0.18181818181818182
1931,Sankt Martin am Grimming,0.15384615384615385
1932,Stössing,0.5142857142857142
1933,Wildermieming,0.18518518518518517
1934,Weißensee,0.125
1935,Sankt Ulrich am Waasen,0.08695652173913043
1936,Japons,0.5
1937,Pichl-Kainisch,0.07407407407407407
1938,Weichselbaum,0.19230769230769232
1939,Kleinarl,0.16
1940,Stummerberg,0.19230769230769232
1941,Schwarzau im Gebirge,0.1875
1942,Rettenegg,0.12
1943,Oberkurzheim,0.2631578947368421
1944,Ehenbichl,0.17142857142857143
1945,Sankt Marienkirchen am Hausruck,0.25
1946,Bocksdorf,0.17857142857142858
1947,Sankt Veit in Defereggen,0.037037037037037035
1948,Radmer,0.21739130434782608
1949,Kohlschwarz,0.18181818181818182
1950,Straning-Grafenberg,0.5416666666666666
1951,Schwendt,0.09375
1952,Altlichtenwarth,0.36
1953,Vornholz,0.21428571428571427
1954,Kainach bei Voitsberg,0.0975609756097561
1955,Oberdorf am Hochegg,0.12121212121212122
1956,Velm-Götzendorf,0.14814814814814814
1957,Eggern,0.48
1958,Obertilliach,0.23684210526315788
1959,Vorderstoder,0.16666666666666666
1960,Senftenbach,0.1875
1961,Bad Schönau,0.09090909090909091
1962,Treubach,0.038461538461538464
1963,Kolsassberg,0.06896551724137931
1964,Fladnitz im Raabtal,0.1111111111111111
1965,Imsterberg,0.07142857142857142
1966,Obertraun,0.20833333333333334
1967,Labuch,0.38095238095238093
1968,Klösterle,0.03225806451612903
1969,Königsdorf,0.2413793103448276
1970,Oberkappel,0.21052631578947367
1971,Miesenbach bei Birkfeld,0.16666666666666666
1972,Vichtenstein,0.26666666666666666
1973,Ossiach,0.12121212121212122
1974,Rosenau am Hengstpaß,0.06666666666666667
1975,Jabing,0.2608695652173913
1976,Hirschegg,0.28
1977,Langau,0.36363636363636365
1978,Eggendorf im Traunkreis,0.20833333333333334
1979,Sankt Kathrein am Hauenstein,0.2857142857142857
1980,Schnifis,0.3
1981,Perwang am Grabensee,0.25
1982,Wolfsthal,0.3125
1983,Markt Neuhodis,0.21212121212121213
1984,Sankt Andrä im Lungau,0.15
1985,Sonntag,0.07142857142857142
1986,Kleinlobming,0.09090909090909091
1987,Laterns,0.0
1988,Andrichsfurt,0.15384615384615385
1989,Poppendorf,0.18518518518518517
1990,Häselgehr,0.07407407407407407
1991,Pernegg,0.42857142857142855
1992,Steeg,0.1935483870967742
1993,Fusch an der Großglocknerstraße,0.2222222222222222
1994,Antau,0.07692307692307693
1995,Kirchschlag,0.3684210526315789
1996,Neudorf bei Parndorf,0.20833333333333334
1997,Heiligenberg,0.3103448275862069
1998,Alberndorf im Pulkautal,0.43333333333333335
1999,Lödersdorf,0.07407407407407407
2000,Studenzen,0.25925925925925924
2001,Schottwien,0.13043478260869565
2002,Wattenberg,0.07142857142857142
2003,Kirchheim im Innkreis,0.14285714285714285
2004,Eitzing,0.1111111111111111
2005,Miesenbach,0.23529411764705882
2006,Stiwoll,0.09090909090909091
2007,Peterskirchen,0.16666666666666666
2008,Karrösten,0.23076923076923078
2009,Bildstein,0.16666666666666666
2010,Unterfrauenhaid,0.17391304347826086
2011,Thüringerberg,0.07692307692307693
2012,Reingers,0.36363636363636365
2013,Rachau,0.18518518518518517
2014,Teufenbach,0.0
2015,Moorbad Harbach,0.17391304347826086
2016,Schwarzenberg am Böhmerwald,0.18181818181818182
2017,Hainersdorf,0.14814814814814814
2018,Bach,0.0
2019,Brand,0.05555555555555555
2020,Hirnsdorf,0.20833333333333334
2021,Ungerdorf,0.15789473684210525
2022,Frutten-Gießelsdorf,0.05555555555555555
2023,Tösens,0.16666666666666666
2024,Kapellen,0.11538461538461539
2025,Neustift an der Lafnitz,0.25
2026,Sankt Anton im Montafon,0.15384615384615385
2027,Tiefenbach bei Kaindorf,0.26666666666666666
2028,Wernersdorf,0.2
2029,Pruggern,0.15
2030,Aggsbach,0.375
2031,Niederndorferberg,0.06896551724137931
2032,Eisgarn,0.2413793103448276
2033,Zell,0.1111111111111111
2034,Fraxern,0.13043478260869565
2035,Berg,0.13043478260869565
2036,Sankt Jakob in Haus,0.25
2037,Blaindorf,0.17647058823529413
2038,Oberweg,0.13793103448275862
2039,Bachmanning,0.14285714285714285
2040,Feistritz bei Knittelfeld,0.2222222222222222
2041,Edlbach,0.125
2042,Dienersdorf,0.13043478260869565
2043,Naintsch,0.07142857142857142
2044,Loich,0.5
2045,Rabenwald,0.21428571428571427
2046,Wielfresen,0.12903225806451613
2047,Annaberg,0.21052631578947367
2048,Wald am Schoberpaß,0.11538461538461539
2049,Hainzenberg,0.13043478260869565
2050,Krakaudorf,0.2222222222222222
2051,Pöttelsdorf,0.07692307692307693
2052,Schwarzau im Schwarzautal,0.1724137931034483
2053,Feistritz an der Gail,0.30434782608695654
2054,Sankt Blasen,0.16666666666666666
2055,Altschwendt,0.1
2056,Stambach,0.2
2057,Zellberg,0.1
2058,Holzhausen,0.36363636363636365
2059,Sankt Lorenzen bei Scheifling,0.2222222222222222
2060,Gnadenwald,0.17391304347826086
2061,Kaltenberg,0.041666666666666664
2062,Edelsgrub,0.0625
2063,Großhart,0.11764705882352941
2064,Semmering,0.24
2065,Nebelberg,0.24242424242424243
2066,Berghausen,0.11538461538461539
2067,Unterrabnitz-Schwendgraben,0.2
2068,Jeging,0.2857142857142857
2069,Thurn,0.19047619047619047
2070,Abfaltersbach,0.05555555555555555
2071,Rauchenwarth,0.35294117647058826
2072,Mühlheim am Inn,0.15384615384615385
2073,Dorfstetten,0.17391304347826086
2074,Stanz bei Landeck,0.25
2075,Hofkirchen bei Hartberg,0.12
2076,Göming,0.26666666666666666
2077,Pilsbach,0.09090909090909091
2078,Viehhofen,0.06666666666666667
2079,Sankt Ulrich im Mühlkreis,0.13043478260869565
2080,Reichendorf,0.2857142857142857
2081,Weilbach,0.2857142857142857
2082,Sankt Georgen bei Obernberg am Inn,0.18181818181818182
2083,Waldkirchen an der Thaya,0.4444444444444444
2084,Kaunertal,0.20833333333333334
2085,Biberwier,0.125
2086,Kleinsölk,0.11764705882352941
2087,Ratschendorf,0.20833333333333334
2088,Gams bei Hieflau,0.32
2089,Weng im Gesäuse,0.21739130434782608
2090,Ottenthal,0.3103448275862069
2091,Kirchdorf am Inn,0.19230769230769232
2092,Übersaxen,0.0
2093,Mitterbach am Erlaufsee,0.3125
2094,Niederwölz,0.13636363636363635
2095,Mönichkirchen,0.05555555555555555
2096,Krensdorf,0.09523809523809523
2097,Oberstorcha,0.29411764705882354
2098,Hirschbach,0.2857142857142857
2099,Muhr,0.2727272727272727
2100,Röhrenbach,0.5
2101,Mürzsteg,0.24
2102,Baumgarten bei Gnas,0.2727272727272727
2103,Iselsberg-Stronach,0.15789473684210525
2104,Berwang,0.18181818181818182
2105,Gutenbrunn,0.3157894736842105
2106,Krakauhintermühlen,0.18181818181818182
2107,Grän,0.23809523809523808
2108,Leitersdorf im Raabtal,0.125
2109,Reuthe,0.045454545454545456
2110,Karres,0.05555555555555555
2111,Wildalpen,0.0
2112,Mailberg,0.4
2113,Sankt Radegund,0.2
2114,Unterstinkenbrunn,0.3333333333333333
2115,Schrems bei Frohnleiten,0.25
2116,Edelstal,0.19230769230769232
2117,Leutschach,0.08
2118,Pühret,0.0
2119,Lackendorf,0.3
2120,Sankt Oswald ob Eibiswald,0.21052631578947367
2121,Überackern,0.1
2122,Arzberg,0.3333333333333333
2123,Wippenham,0.24
2124,Raabau,0.23529411764705882
2125,Gries im Sellrain,0.2727272727272727
2126,Otterthal,0.14285714285714285
2127,Maierdorf,0.19047619047619047
2128,Buch,0.17391304347826086
2129,Hundsheim,0.3157894736842105
2130,Trattenbach,0.2631578947368421
2131,Raasdorf,0.21739130434782608
2132,Sankt Georgen am Reith,0.3157894736842105
2133,Haigermoos,0.0625
2134,Puchegg,0.1875
2135,Lessach,0.21739130434782608
2136,Kohlberg,0.18518518518518517
2137,Deutsch Jahrndorf,0.21052631578947367
2138,Niederöblarn,0.2
2139,Mils bei Imst,0.15
2140,Weißenbach an der Enns,0.16666666666666666
2141,Forstau,0.11764705882352941
2142,Gallzein,0.0
2143,Schönegg,0.15
2144,Lichtenau im Mühlkreis,0.14285714285714285
2145,Geiersberg,0.15384615384615385
2146,Frannach,0.3333333333333333
2147,Ladis,0.26666666666666666
2148,Graden,0.09523809523809523
2149,Vals,0.15789473684210525
2150,Auberg,0.25
2151,Pötting,0.13333333333333333
2152,Pusterwald,0.24
2153,Neustift bei Güssing,0.3157894736842105
2154,Sankt Oswald bei Haslach,0.4
2155,Stallhof,0.20833333333333334
2156,Möggers,0.2857142857142857
2157,Bürserberg,0.19047619047619047
2158,Kaisersdorf,0.09523809523809523
2159,Hohentauern,0.16
2160,Sankt Johann am Tauern,0.0
2161,Heiterwang,0.0
2162,Tobadill,0.07692307692307693
2163,Muggendorf,0.18181818181818182
2164,Auerbach,0.2
2165,Sankt Ruprecht - Falkendorf,0.16666666666666666
2166,Stenzengreith,0.09090909090909091
2167,Pitzenberg,0.18181818181818182
2168,Großsölk,0.2631578947368421
2169,Michaelerberg,0.23529411764705882
2170,Etmißl,0.16666666666666666
2171,Haugschlag,0.4117647058823529
2172,Stolzalpe,0.21052631578947367
2173,Sankt Nikolai im Sölktal,0.42857142857142855
2174,Unterauersbach,0.08333333333333333
2175,Schlaiten,0.16666666666666666
2176,Prigglitz,0.3
2177,Untertauern,0.16666666666666666
2178,Tulwitz,0.4375
2179,Gößnitz,0.2
2180,Stein,0.2
2181,Neudorf bei Passail,0.36363636363636365
2182,Pack,0.29411764705882354
2183,Rohr im Gebirge,0.4
2184,Ahorn,0.26666666666666666
2185,Potzneusiedl,0.2
2186,Schnepfau,0.38461538461538464
2187,Oberrettenbach,0.15
2188,Bierbaum am Auersbach,0.3333333333333333
2189,Kulm bei Weiz,0.21428571428571427
2190,Haslau bei Birkfeld,0.23076923076923078
2191,Holzgau,0.2857142857142857
2192,Aichkirchen,0.10526315789473684
2193,Wörterberg,0.09090909090909091
2194,Atzesberg,0.15384615384615385
2195,Oberschlierbach,0.0625
2196,Ottenschlag im Mühlkreis,0.30434782608695654
2197,Kauns,0.11538461538461539
2198,Falkenstein,0.35
2199,Redleiten,0.14285714285714285
2200,Rauchwart im Burgenland,0.3333333333333333
2201,Sankt Thomas,0.3076923076923077
2202,Rohrberg,0.05263157894736842
2203,Schönberg-Lachtal,0.23076923076923078
2204,Hintersee,0.2777777777777778
2205,Mitterlabill,0.19047619047619047
2206,Rettenschöss,0.17647058823529413
2207,Sankt Anna am Lavantegg,0.0
2208,Edelstauden,0.1111111111111111
2209,Nesselwängle,0.26666666666666666
2210,Rattenberg,0.047619047619047616
2211,Gschnitz,0.19047619047619047
2212,Fontanella,0.2857142857142857
2213,Moschendorf,0.42857142857142855
2214,Afiesl,0.25
2215,Pinswang,0.16
2216,Gerlosberg,0.07142857142857142
2217,Mühlgraben,0.36363636363636365
2218,Retznei,0.06666666666666667
2219,Schwarzenbach an der Pielach,0.5333333333333333
2220,Palfau,0.13333333333333333
2221,Schattwald,0.3333333333333333
2222,Gundersdorf,0.14285714285714285
2223,Hörbich,0.1875
2224,Soboth,0.14285714285714285
2225,Trahütten,0.0625
2226,Sankt Georgen am Fillmannsbach,0.36363636363636365
2227,Reifling,0.25
2228,Wörth an der Lafnitz,0.06666666666666667
2229,Tweng,0.10526315789473684
2230,Stanzach,0.1111111111111111
2231,Krusdorf,0.3333333333333333
2232,Ratsch an der Weinstraße,0.35714285714285715
2233,Sankt Wolfgang-Kienberg,0.3125
2234,Dietersdorf am Gnasbach,0.2222222222222222
2235,Sibratsgfäll,0.08695652173913043
2236,Mannsdorf an der Donau,0.3076923076923077
2237,Gschnaidt,0.0
2238,Elmen,0.0
2239,Sankt Pankraz,0.0
2240,Rohr im Burgenland,0.25
2241,Viktorsberg,0.2
2242,Piberegg,0.1875
2243,Sankt Gerold,0.15789473684210525
2244,Weißbach bei Lofer,0.14285714285714285
2245,Treglwang,0.1
2246,Großstübing,0.2222222222222222
2247,Bärnkopf,0.5
2248,Eichenberg,0.125
2249,Schrattenbach,0.26666666666666666
2250,Sankt Corona am Wechsel,0.3125
2251,Loretto,0.3076923076923077
2252,Preßguts,0.14285714285714285
2253,Düns,0.125
2254,Sankt Veit im Innkreis,0.13333333333333333
2255,Grabersdorf,0.0
2256,Perlsdorf,0.25
2257,Weingraben,0.17647058823529413
2258,Ganz,0.35714285714285715
2259,Musau,0.15384615384615385
2260,Kulm am Zirbitz,0.16666666666666666
2261,Kaibing,0.3
2262,Göriach,0.1875
2263,Obernberg am Brenner,0.17647058823529413
2264,Hackerberg,0.29411764705882354
2265,Breitenstein,0.3888888888888889
2266,Buchbach,0.2857142857142857
2267,Amlach,0.08333333333333333
2268,Brandberg,0.5454545454545454
2269,Altenberg an der Rax,0.1
2270,Donnersbachwald,0.15384615384615385
2271,Gressenberg,0.3
2272,Kaunerberg,0.2222222222222222
2273,Halltal,0.26666666666666666
2274,Thomatal,0.18181818181818182
2275,Limbach bei Neudau,0.2
2276,Sankt Johann bei Herberstein,0.4
2277,Salla,0.23076923076923078
2278,Gallmannsegg,0.2857142857142857
2279,Bretstein,0.2222222222222222
2280,Blons,0.07692307692307693
2281,Puchenstuben,0.1
2282,Damüls,0.3333333333333333
2283,Badersdorf,0.5
2284,Weißpriach,0.08333333333333333
2285,Dürnstein in der Steiermark,0.1
2286,Bildein,0.09090909090909091
2287,Jungholz,0.0
2288,Inzenhof,0.4444444444444444
2289,Altendorf,0.45454545454545453
2290,Krakauschatten,0.2222222222222222
2291,Sankt Johann im Walde,0.5
2292,Perchau am Sattel,0.2222222222222222
2293,Siegersdorf bei Herberstein,0.2727272727272727
2294,Hainsdorf im Schwarzautal,0.16666666666666666
2295,Raach am Hochgebirge,0.2
2296,Schandorf,0.6
2297,Mörschwang,0.21428571428571427
2298,Garanas,0.08333333333333333
2299,Trössing,0.14285714285714285
2300,Mariastein,0.09090909090909091
2301,Röns,0.125
2302,Sankt Ilgen,0.2
2303,Aug-Radisch,0.09090909090909091
2304,Steinberg am Rofan,0.375
2305,Forchach,0.18181818181818182
2306,Lorüns,0.16666666666666666
2307,Oppenberg,0.2
2308,Vorderhornbach,0.0
2309,Faggen,0.1
2310,Gössenberg,0.2222222222222222
2311,Mayrhof,0.2857142857142857
2312,Lavant,0.25
2313,Fendels,0.3
2314,Untertilliach,0.09523809523809523
2315,Stallehr,0.1
2316,Großmürbisch,0.5
2317,Kleinmürbisch,0.5
2318,Heugraben,0.125
2319,Röthelstein,0.0
2320,Zöblen,0.15384615384615385
2321,Schröcken,0.4
2322,Glojach,0.18181818181818182
2323,Glinzendorf,0.3
2324,Rutzenham,0.35714285714285715
2325,Modriach,0.0
2326,Zeutschach,0.4
2327,Kloster,0.14285714285714285
2328,Breitenfeld am Tannenriegel,0.25
2329,Sankt Sigmund im Sellrain,0.0
2330,Reisstraße,0.36363636363636365
2331,Aderklaa,0.14285714285714285
2332,Unterperfuss,0.25
2333,Flatschach,0.2222222222222222
2334,Rinegg,0.0
2335,Frauenberg,0.15384615384615385
2336,Bürg-Vöstenhof,0.4
2337,Johnsbach,0.42857142857142855
2338,Tyrnau,0.5
2339,Osterwitz,0.25
2340,Sulztal an der Weinstraße,0.3333333333333333
2341,Triebendorf,0.5
2342,Parbasdorf,0.0
2343,Spiss,0.25
2344,Dünserberg,0.0
2345,Freiland bei Deutschlandsberg,0.0
2346,Pfafflar,0.16666666666666666
2347,Andlersdorf,0.0
2348,Namlos,0.0
2349,Hinterhornbach,0.5
2350,Großhofen,0.8
2351,Kaisers,0.0
2352,Tschanigraben,0.0
2353,Gramais,0.0
